"A1","A4","A5","A6","A7","A9","A10","A12","A13","V11","V12","V13","V14","V15","V16","V16.1"
1,1,1,10,1,1,1,2,1,-0.0430688416558788,-0.955919763998852,-0.290871630439694,-0.287891684895625,0.11784185838765,-0.195271683820164,"+"
2,1,1,9,2,1,1,2,1,2.28204583253057,-0.0600069991215048,0.244013429868601,0.740292904017322,-0.800667701629254,-0.0877881958400168,"+"
2,1,1,9,2,1,2,2,1,-0.571731768653013,-0.855481113227849,-0.216167013078201,-0.493528602678215,0.56843145386764,-0.037117408649376,"+"
1,1,1,10,1,1,1,1,1,-0.293619991891487,-0.646568719624162,0.456174543175243,0.534655986234733,-0.471390689547723,-0.19469587942027,"+"
1,1,1,10,1,1,2,2,3,-0.933360595493074,0.174015057174932,-0.153415134494546,-0.493528602678215,-0.355854895834905,-0.195271683820164,"+"
1,1,1,7,1,1,2,1,1,0.0613274709422914,-0.152410557830828,0.0826514563677744,-0.493528602678215,1.03057462871891,-0.195271683820164,"+"
1,1,1,8,2,1,2,1,1,0.152361055527896,-0.747007370395165,1.27792533415167,-0.493528602678215,-0.101676149666705,5.80940853307073,"+"
2,1,1,3,1,1,2,2,1,-0.703688707777099,1.37124377436529,-0.652441978469324,-0.493528602678215,-0.586926483260541,0.0636483613320118,"+"
1,2,2,6,2,1,2,2,1,1.92709836969679,-0.855481113227849,0.518926421758898,-0.493528602678215,-0.00924751469645027,-0.135004156631296,"+"
1,2,2,10,1,1,2,1,1,0.931575132760638,0.031392173080108,0.281365738549348,-0.493528602678215,-0.748676594458486,0.0814982977287148,"+"
1,1,1,1,2,2,2,1,1,-0.77384302984307,-0.789191603718987,-0.0174527308966273,-0.493528602678215,-0.309640578349777,-0.195271683820164,"+"
1,1,1,1,2,1,2,2,1,-0.119069357227346,-0.58730991566927,0.630983347801139,-0.493528602678215,0.452895660154822,-0.156884723827254,"+"
2,1,1,6,1,1,2,1,1,0.57662766992686,0.249344045253185,-0.365576247801188,-0.493528602678215,-1.04906965811181,-0.195271683820164,"+"
1,1,1,6,1,2,2,2,1,1.39760027219887,0.257379137314865,-0.652441978469324,-0.493528602678215,-1.04906965811181,0.321032928084471,"+"
2,1,1,9,1,1,1,1,1,1.20968690952216,1.15329190219221,0.829697629982712,0.945929821799912,-1.04906965811181,-0.195271683820164,"+"
1,2,2,6,1,1,1,1,1,0.444670730802773,-0.069046477690895,-0.58969009988567,1.56284057514768,0.799503041293277,-0.195271683820164,"+"
1,1,1,7,1,1,1,1,1,-0.258542830858502,-0.780152125149596,-0.377528986579027,0.123382150669554,1.23853905740199,-0.195271683820164,"+"
2,1,1,9,1,1,1,2,1,-0.676128081251183,0.224234382560434,0.282859830896578,1.56284057514768,-0.355854895834905,-0.148247657828849,"+"
1,1,1,2,2,1,2,1,1,-0.794722292362704,-0.90570043861335,-0.46568043506559,-0.493528602678215,-1.04906965811181,-0.195271683820164,"+"
2,1,1,3,2,1,1,2,1,-1.01687764557161,0.76861186973927,-0.440280865162682,0.945929821799912,-0.494497848290286,-0.195271683820164,"+"
1,1,1,1,1,1,1,2,1,-0.529973243613744,1.30394987834872,0.0826514563677744,3.00229899962581,0.106288279016368,0.0365855545370105,"+"
1,1,1,1,1,1,2,2,3,-0.676128081251183,-0.755042462456846,-0.414881295259774,-0.493528602678215,0.683967247580458,-0.195271683820164,"+"
2,1,1,1,1,1,1,1,1,1.37003964567295,0.651098648337197,1.68880072963989,0.740292904017322,-1.04906965811181,0.046566164135167,"+"
2,1,1,11,2,1,1,2,1,-0.327861982423687,1.95680110836024,0.25746026099367,-0.287891684895625,-0.355854895834905,-0.193160401020554,"+"
2,1,1,9,1,1,1,1,1,0.820497456156185,0.349782696024188,-0.514985482524176,0.123382150669554,-0.211435153693882,-0.195271683820164,"+"
2,1,1,1,2,1,1,2,1,-1.29582459283392,-0.838406542596778,-0.216167013078201,-0.0822547671130358,-0.471390689547723,-0.195271683820164,"+"
2,1,1,4,3,1,1,1,1,1.30740185811405,1.65548515604723,0.879002677441298,1.35720365736509,-1.04906965811181,-0.195271683820164,"+"
1,1,1,2,3,1,1,1,1,2.10749519786643,2.76031031452826,3.81788232444246,3.00229899962581,-1.04906965811181,-0.195271683820164,"+"
1,1,1,12,2,1,1,2,1,2.1776495199324,0.7515372991082,1.42733456887466,0.123382150669554,-1.04906965811181,-0.195271683820164,"+"
1,1,1,10,1,1,1,1,1,0.896497971727653,-0.747007370395165,0.829697629982712,0.740292904017322,1.83932518470864,1.72407631582532,"+"
1,1,1,13,1,1,1,1,1,-0.175025780779966,2.01505552580742,0.841650368760551,0.534655986234733,-0.0785689909241411,-0.195271683820164,"+"
1,1,1,11,2,1,1,2,1,0.88981660772137,1.01066901809739,1.7142002995428,1.1515667395825,-1.04906965811181,-0.195271683820164,"+"
1,1,1,4,3,1,1,1,1,1.51619448331039,0.567734568197264,1.60214337350056,2.59102516406063,-1.04906965811181,0.764402316002577,"+"
2,1,1,12,1,1,2,1,1,0.451352094809055,0.0735764064039292,0.829697629982712,-0.493528602678215,-1.04906965811181,0.572467516038029,"+"
2,1,1,9,1,1,1,1,1,-0.732084504803802,1.20351122757771,-0.540385052427084,0.534655986234733,-1.04906965811181,-0.0877881958400168,"+"
1,1,1,10,1,1,1,1,1,-0.293619991891487,-0.654603811685843,-0.0667577783552132,1.76847749293027,1.45805706545634,-0.188553965821405,"+"
1,1,1,3,2,1,1,1,1,-0.342059880937038,-0.637529241054772,-0.116062825813799,1.97411441071286,2.31879872861683,-0.0584221714454409,"+"
2,1,1,11,2,1,1,1,1,-0.697007343770817,1.40438852911972,-0.514985482524176,-0.0822547671130358,0.683967247580458,-0.0895156090396977,"+"
1,2,2,3,1,1,1,2,1,-0.30030135589777,-0.838406542596778,-0.58969009988567,-0.0822547671130358,0.452895660154822,-0.0993042838378897,"+"
1,1,1,14,8,1,1,1,1,1.94046109770935,0.935340030019135,3.64307351981657,1.76847749293027,-0.875765967542586,-0.137691243830799,"+"
1,1,1,1,1,1,1,1,1,0.235878105606432,0.886125091141344,0.680288395259725,1.97411441071286,-1.04906965811181,-0.152854093027999,"+"
1,1,1,1,2,1,1,2,1,-0.202586407305883,2.05723975913124,0.929801817247114,1.76847749293027,-1.04906965811181,0.2429154644989,"+"
1,1,1,10,2,1,1,2,1,-0.13994861974698,-0.671678382316913,-0.440280865162682,-0.287891684895625,0.337359866442004,-0.176078203823709,"+"
1,1,1,10,1,1,1,1,1,0.687705346531313,1.83928788695816,1.91291458172437,0.740292904017322,-0.64469438011695,-0.195271683820164,"+"
1,2,2,1,1,1,1,2,1,2.09413246985386,4.66864467917732,7.85193166196313,7.73194810862537,-1.04906965811181,-0.192392661820696,"+"
1,1,1,1,2,1,1,1,1,1.91958183518972,0.400002021409689,0.120003765048521,1.76847749293027,-1.04906965811181,-0.140762200630232,"+"
2,2,2,9,2,1,1,1,1,0.806299557642834,-0.546130068853159,-0.627042408566416,4.23612050632134,1.5793696488548,0.0419597289360178,"+"
1,1,1,3,2,1,1,2,1,0.0479647429297259,-0.0600069991215048,1.14046883820653,0.123382150669554,0.747511934122508,-0.137691243830799,"+"
1,1,1,4,3,2,2,2,1,0.848058082682102,-0.646568719624162,0.381469925813749,-0.493528602678215,0.198716913986622,-0.195271683820164,"+"
1,1,1,1,1,2,2,2,1,-0.620171657698563,-0.822336358473418,-0.615089669788577,-0.493528602678215,-0.471390689547723,-0.195271683820164,"+"
2,1,1,1,2,1,2,1,1,-0.467335456054842,-0.855481113227849,-0.402928556481935,-0.493528602678215,1.78733407753787,-0.195271683820164,"+"
1,1,1,9,1,1,2,1,1,-0.446456193535208,-0.755042462456846,-0.141462395716707,-0.493528602678215,0.56843145386764,-0.195271683820164,"+"
1,1,1,10,1,1,2,1,1,0.507308518361675,-0.546130068853159,-0.652441978469324,-0.493528602678215,1.26164621614455,0.917950155974216,"+"
1,1,1,10,1,1,2,1,1,0.298515893165334,-0.453726510143837,-0.664394717247163,-0.493528602678215,0.331583076756363,-0.156884723827254,"+"
1,1,1,3,2,1,2,1,1,0.242559469612715,-0.353287859372834,1.55134423369474,-0.493528602678215,-1.04906965811181,-0.195271683820164,"+"
1,2,2,10,1,1,2,1,1,-0.6694467172449,1.37927886642697,-0.414881295259774,-0.493528602678215,-0.124783308409268,-0.137691243830799,"+"
1,1,1,3,1,1,2,2,1,-0.682809445257465,-0.955919763998852,-0.638995147344255,-0.493528602678215,-1.04906965811181,-0.195271683820164,"+"
1,1,1,4,2,1,2,1,1,1.08441133440436,-0.855481113227849,0.829697629982712,-0.493528602678215,0.799503041293277,-0.195271683820164,"+"
1,1,1,11,2,2,2,1,3,0.319395155684968,-0.0519719070598245,1.05381148206719,-0.493528602678215,3.05822780837887,-0.195271683820164,"+"
1,1,1,9,2,1,1,2,1,0.99421292031954,-0.353287859372834,1.12851609942869,1.76847749293027,-0.586926483260541,-0.195271683820164,"+"
1,1,1,7,1,1,1,1,1,2.12169309637978,1.50482717989072,-0.290871630439694,0.329019068452143,0.106288279016368,-0.195271683820164,"+"
1,1,1,2,1,1,1,2,1,0.0270854804100918,2.29126181542768,0.232060691090762,1.35720365736509,0.395127763298413,-0.0551592798460436,"+"
2,2,2,9,1,1,1,1,1,-0.661930182737831,-0.797226695780667,-0.216167013078201,-0.0822547671130358,-0.586926483260541,-0.118497763834344,"+"
2,1,1,9,1,1,1,2,1,-0.91248133297344,-0.788187217211277,-0.190767443175293,-0.287891684895625,-1.04906965811181,-0.195271683820164,"+"
1,1,1,3,1,1,1,1,1,-0.390499769982589,-0.102191232445326,0.61753651667607,-0.287891684895625,-0.355854895834905,-0.195271683820164,"+"
1,1,1,3,1,1,1,1,1,0.235878105606432,-0.646568719624162,-0.204214274300362,-0.287891684895625,1.95486097842146,9.40146831440725,"+"
2,1,1,1,1,1,1,2,1,0.388714307250153,-0.755042462456846,-0.0667577783552132,1.76847749293027,-1.04906965811181,-0.10774941503633,"+"
1,1,1,7,1,1,1,2,1,-0.488214718574476,-0.880590775920599,-0.58969009988567,0.123382150669554,0.452895660154822,2.70447927404423,"+"
1,1,1,10,2,1,1,2,1,-0.995998383051976,0.349782696024188,-0.22811975185604,0.945929821799912,-0.586926483260541,0.371703715275112,"+"
1,1,1,11,2,1,1,1,1,0.319395155684968,4.09112243724405,-0.178814704397454,-0.287891684895625,1.92597702999325,-0.0993042838378897,"+"
1,1,1,12,3,1,2,1,3,0.0822067334619254,0.550659997566194,-0.190767443175293,-0.493528602678215,1.37718200985737,-0.195271683820164,"-"
1,1,1,2,3,1,2,1,1,0.290999358658266,-0.152410557830828,3.07083615082753,-0.493528602678215,-0.71016466322088,-0.195271683820164,"-"
2,1,1,3,1,1,2,1,1,0.604188296452776,0.0484667437111785,3.3696546202735,-0.493528602678215,4.61218423381627,-0.195271683820164,"-"
1,1,1,7,1,1,2,2,3,1.07772997039808,-0.855481113227849,2.54790382929707,-0.493528602678215,1.26164621614455,-0.195271683820164,"-"
1,2,2,1,1,2,2,2,1,1.12616985944363,0.450221346795191,-0.178814704397454,-0.493528602678215,-0.124783308409268,-0.194887814220235,"-"
1,1,1,9,1,1,1,2,1,-0.891602070453806,0.10672116115836,-0.552337791204923,-0.287891684895625,-0.124783308409268,-0.195271683820164,"-"
1,1,1,13,1,1,2,1,1,0.228361571099364,0.349782696024188,-0.627042408566416,-0.493528602678215,1.51004817262711,-0.195271683820164,"-"
2,2,2,13,1,1,2,1,1,-1.01687764557161,-0.838406542596778,-0.489585912621268,-0.493528602678215,-0.124783308409268,-0.195271683820164,"-"
1,2,2,6,1,1,1,2,1,-0.80808502037527,-0.721897707702415,0.0826514563677744,-0.287891684895625,-0.00924751469645027,-0.191432987820873,"-"
1,1,1,1,1,1,2,2,1,-0.822282918888621,1.00263392603571,-0.58969009988567,-0.493528602678215,-0.240319102122086,-0.195271683820164,"-"
1,1,1,14,8,1,1,2,1,1.52287584731667,2.86074896529926,-0.664394717247163,-0.287891684895625,-0.506051427661568,-0.195271683820164,"-"
2,1,1,7,1,1,2,2,3,-0.306982719904053,-0.654603811685843,-0.0667577783552132,-0.493528602678215,1.07678894620404,-0.195271683820164,"-"
1,1,1,7,1,1,2,2,3,0.708584609050947,-0.855481113227849,-0.58969009988567,-0.493528602678215,0.614645771352768,-0.195271683820164,"-"
2,1,1,2,1,1,2,1,1,-0.935309326661573,-0.252849208601831,0.232060691090762,-0.493528602678215,0.683967247580458,-0.195271683820164,"-"
1,1,1,13,1,1,2,1,1,-0.342059880937038,-0.830371450535098,-0.528432313649245,-0.493528602678215,0.106288279016368,-0.195271683820164,"-"
1,1,1,1,3,1,2,1,3,0.486429255842041,-0.152410557830828,0.829697629982712,-0.493528602678215,0.56843145386764,-0.195271683820164,"-"
1,1,1,2,1,1,2,1,3,-0.953590280956542,-0.880590775920599,-0.402928556481935,-0.493528602678215,4.31179117016295,-0.195271683820164,"-"
1,2,2,13,1,1,2,2,1,-0.474016820061125,-0.511980927591018,0.530879160536737,-0.493528602678215,0.036966802788677,-0.195271683820164,"-"
1,1,1,13,1,1,2,1,1,0.221680207093081,-0.0519719070598245,-0.365576247801188,-0.493528602678215,0.337359866442004,-0.195271683820164,"-"
2,1,1,5,4,1,2,1,1,1.47443595827112,-0.654603811685843,-0.664394717247163,-0.493528602678215,-0.471390689547723,-0.190089444221121,"-"
1,2,2,1,2,1,2,2,1,2.60191613433136,1.60526583066173,0.829697629982712,-0.493528602678215,-0.402069213320032,-0.195271683820164,"-"
1,1,1,1,1,1,2,2,1,0.00620621789045779,2.15767840990224,-0.514985482524176,-0.493528602678215,-0.355854895834905,-0.195271683820164,"-"
1,2,2,13,1,1,2,2,1,-1.24515758245294,0.0484667437111785,1.87556227304362,-0.493528602678215,-1.04906965811181,-0.195271683820164,"-"
1,2,2,1,2,1,2,1,1,1.75254773503265,-0.679713474378593,2.16242800371176,-0.493528602678215,0.106288279016368,-0.176078203823709,"-"
1,2,2,1,1,1,2,1,1,-0.216784305819234,-0.654603811685843,-0.216167013078201,-0.493528602678215,-1.04906965811181,-0.15208635382814,"-"
2,1,1,4,3,1,2,1,1,-0.230982204332585,-0.24481411654015,-0.514985482524176,-0.493528602678215,-0.0612386218672184,-0.195271683820164,"-"
1,2,2,13,1,1,2,2,1,-0.697007343770817,-0.830371450535098,-0.627042408566416,-0.493528602678215,-0.00924751469645027,-0.195079749020199,"-"
1,1,1,1,3,1,2,1,3,-1.04731497048912,-0.855481113227849,-0.414881295259774,-0.493528602678215,0.799503041293277,-0.195271683820164,"-"
2,2,2,9,1,1,2,1,1,-0.738765868810085,1.25373055296321,0.232060691090762,-0.493528602678215,0.499109977639949,-0.195271683820164,"-"
2,1,1,9,1,1,1,1,1,-0.237663568338868,-0.755042462456846,-0.365576247801188,-0.0822547671130358,-0.084345780609782,-0.0993042838378897,"-"
1,2,2,1,3,1,2,1,1,0.513989882367957,-0.604384486300341,-0.58969009988567,-0.493528602678215,-0.101676149666705,-0.118497763834344,"-"
1,2,2,1,1,1,2,2,1,0.326076519691251,2.35855571144425,0.530879160536737,-0.493528602678215,-0.586926483260541,-0.195271683820164,"-"
1,1,1,9,1,1,1,2,1,-1.05863617061088,0.0484667437111785,-0.552337791204923,-0.0822547671130358,-1.04906965811181,-0.187978161421511,"-"
1,1,1,6,1,1,1,1,1,-0.529973243613744,1.45460785450522,0.00794683900628061,-0.0822547671130358,-0.355854895834905,-0.194312009820341,"-"
1,2,2,4,2,1,1,1,1,-0.293619991891487,-0.152410557830828,1.05381148206719,-0.0822547671130358,-0.615810431688745,-0.195271683820164,"-"
1,1,1,12,6,1,1,2,1,1.96134036022899,2.15767840990224,-0.664394717247163,3.61920975297358,-0.170997625894396,-0.170320159824772,"-"
1,1,1,6,1,1,2,2,3,-0.216784305819234,-0.721897707702415,-0.514985482524176,-0.493528602678215,0.56843145386764,-0.195271683820164,"-"
2,2,2,13,1,1,2,2,1,-0.529973243613744,1.25373055296321,0.680288395259725,-0.493528602678215,-0.355854895834905,-0.195271683820164,"-"
1,2,2,11,2,1,2,1,1,0.799618193636551,-0.503945835529338,2.32378997721259,-0.493528602678215,-0.0323546734390139,-0.195271683820164,"-"
2,1,1,1,1,1,1,1,1,-0.968437756526059,-0.805261787842347,-0.426834034037613,0.534655986234733,-0.240319102122086,-0.194312009820341,"-"
1,1,1,10,1,1,1,1,1,-0.181707144786249,-0.252849208601831,0.381469925813749,0.123382150669554,0.851494148464045,-0.195271683820164,"-"
2,2,2,14,8,1,1,2,1,-0.571731768653013,-0.747007370395165,-0.514985482524176,0.123382150669554,-0.00924751469645027,-0.167057268225375,"-"
1,1,1,10,1,1,2,1,1,-0.56505040464673,1.55504650527622,-0.402928556481935,-0.493528602678215,0.452895660154822,-0.195271683820164,"-"
2,1,1,6,3,1,1,1,1,0.200800944573447,-0.805261787842347,-0.365576247801188,0.123382150669554,0.175609755244059,-0.195271683820164,"-"
1,2,2,1,2,1,1,1,1,-0.891602070453806,-0.704823137071344,-0.253519321758948,0.123382150669554,-0.240319102122086,-0.154965375827609,"-"
2,1,1,9,1,1,1,2,1,-0.494896082580759,-0.729932799764095,-0.278918891661855,-0.0822547671130358,0.106288279016368,-0.195271683820164,"-"
1,1,1,9,2,1,1,1,1,0.534869144887592,0.450221346795191,2.77201768138155,0.945929821799912,0.683967247580458,-0.194312009820341,"-"
1,1,1,6,1,1,1,2,1,1.766745633546,0.349782696024188,1.21517345556802,2.59102516406063,-1.04906965811181,1.95478194538271,"+"
1,1,1,7,1,1,1,1,1,2.2118915104646,0.458256438856871,3.51906385499649,0.740292904017322,1.03057462871891,0.0603854697326145,"+"
2,1,1,3,2,1,1,1,1,-0.884920706447523,1.12014714743778,-0.564290529982762,-0.287891684895625,-0.586926483260541,-0.185674943821936,"+"
1,1,1,9,1,1,1,2,1,0.716101143558015,0.291528278577006,-0.652441978469324,-0.287891684895625,0.106288279016368,-0.137691243830799,"+"
1,1,1,3,1,1,1,1,1,-0.474016820061125,1.55504650527622,-0.302824369217533,13.2841448887553,-0.240319102122086,-0.14575250542931,"+"
2,1,1,13,1,1,1,1,1,-0.550852506133378,1.55504650527622,-0.216167013078201,1.97411441071286,-0.355854895834905,-0.0864446522402649,"+"
2,1,1,9,1,1,1,1,1,1.07104860639179,0.382927450778619,1.5393914949169,0.123382150669554,-1.04906965811181,-0.195271683820164,"+"
2,1,1,9,1,1,1,1,1,-0.655248818731549,0.851975949879203,1.87556227304362,0.534655986234733,-0.355854895834905,-0.195271683820164,"+"
1,1,1,11,2,1,1,1,1,0.298515893165334,0.0484667437111785,1.57674380359765,0.740292904017322,-1.04906965811181,-0.00333688385561554,"+"
1,1,1,7,3,1,1,1,1,1.36335828166667,-0.453726510143837,0.0826514563677744,1.97411441071286,1.31941411300096,0.286484664090852,"+"
1,1,1,9,1,1,1,1,1,-0.717886606290451,1.25373055296321,0.0826514563677744,0.945929821799912,-0.471390689547723,-0.0399964306488443,"+"
1,1,1,4,3,1,1,2,1,0.256757368126066,-0.102191232445326,0.306765308452256,-0.0822547671130358,0.533770715753795,-0.0781914558417894,"+"
2,1,1,10,1,1,2,2,3,-0.244344932345151,-0.252849208601831,-0.414881295259774,-0.493528602678215,0.56843145386764,-0.195271683820164,"+"
1,1,1,12,6,1,1,1,1,3.04038064724368,0.148905394482182,3.22024538555051,-0.287891684895625,-1.04906965811181,-0.195271683820164,"+"
1,1,1,1,1,1,1,2,1,-0.91248133297344,-0.58730991566927,0.00794683900628061,-0.287891684895625,-0.471390689547723,-0.166481463825482,"+"
2,1,1,12,3,1,1,2,1,1.34247901914704,0.651098648337197,1.27792533415167,0.740292904017322,1.11722647400353,9.61259659436825,"+"
1,1,1,1,3,1,1,2,1,0.409593569769787,0.0484667437111785,0.0826514563677744,0.740292904017322,-1.04906965811181,-0.124831612233175,"+"
1,1,1,9,2,1,1,1,1,0.110602530488628,0.148905394482182,0.9791068647057,1.97411441071286,1.30786053362968,-0.00333688385561554,"+"
1,1,1,9,2,1,2,1,1,1.43935879723814,0.349782696024188,1.12851609942869,-0.493528602678215,0.972806731862504,-0.195271683820164,"+"
1,2,2,13,1,1,1,2,1,0.716101143558015,-0.847446021166168,-0.514985482524176,0.123382150669554,0.106288279016368,-0.00333688385561554,"+"
1,1,1,7,1,1,1,2,1,0.186603046060096,-0.403507184758335,0.605583777898231,0.740292904017322,0.129395437758931,-0.195271683820164,"+"
2,1,1,10,1,1,1,1,1,-1.04527344259831,0.952414600650206,-0.178814704397454,0.740292904017322,-0.817998070686177,-0.0801108038414348,"+"
2,1,1,9,2,1,1,2,1,-0.369620507462955,1.75592380681823,0.829697629982712,-0.0822547671130358,-1.04906965811181,0.764402316002577,"+"
2,1,1,3,2,1,1,1,1,-0.00799168062289349,-0.202629883216329,-0.477633173843429,1.35720365736509,-0.00347072501080936,-0.195271683820164,"+"
2,1,1,5,8,1,1,2,1,2.10081383386014,2.25811706067325,-0.664394717247163,2.59102516406063,-1.04906965811181,-0.14786378822892,"+"
1,2,2,3,2,1,1,2,1,0.973333657799906,-0.89766534655167,-0.141462395716707,1.1515667395825,-0.471390689547723,-0.123296133833458,"+"
1,1,1,10,1,1,1,2,1,-0.752963767323436,1.25373055296321,-0.0667577783552132,-0.287891684895625,-0.586926483260541,-0.141913809430019,"+"
1,1,1,3,2,1,1,2,1,-0.342059880937038,-0.621459056931412,0.85509719988562,1.35720365736509,1.25586942645891,-0.0365416042494824,"+"
1,1,1,3,2,1,1,2,1,0.123965258501193,-0.453726510143837,0.157356073729268,0.740292904017322,-0.124783308409268,0.20241722170638,"+"
1,1,1,9,1,1,1,1,1,-0.676128081251183,-0.654603811685843,0.0452991476870275,0.123382150669554,-1.04906965811181,-0.0835656302407967,"+"
2,2,2,9,2,1,1,2,1,0.750343134090215,0.558695089627874,1.72615303832064,2.38538824627804,-1.04906965811181,0.246178356098297,"+"
2,1,1,1,3,1,1,1,1,-0.0706294681817956,0.349782696024188,0.530879160536737,0.945929821799912,-1.04906965811181,0.393008478071177,"+"
2,1,1,1,1,1,1,2,1,1.79430626007192,2.05723975913124,0.9791068647057,2.38538824627804,-1.04906965811181,0.226984876101842,"+"
2,1,1,3,2,1,1,1,1,1.27984123158813,-0.863516205289529,-0.540385052427084,1.76847749293027,1.49271780357019,-0.194120075020376,"+"
2,1,1,9,1,1,1,2,1,2.25365003550387,1.05285325142121,0.530879160536737,2.38538824627804,-1.04906965811181,0.112207865723042,"+"
1,1,1,7,2,1,1,1,1,0.499791983854606,0.349782696024188,0.605583777898231,1.97411441071286,-0.511828217347209,-0.195271683820164,"+"
1,1,1,1,1,1,1,1,1,-0.690325979764534,-0.453726510143837,-0.34017667789828,1.76847749293027,-0.702462276973359,0.22391391930241,"+"
1,1,1,3,2,1,1,1,1,0.117283894494911,-0.654603811685843,0.9791068647057,0.123382150669554,-1.04906965811181,-0.195271683820164,"+"
2,2,2,5,4,1,1,1,1,-0.80808502037527,1.35416920373422,-0.664394717247163,1.76847749293027,-1.04906965811181,-0.195271683820164,"+"
2,2,2,11,2,1,1,2,1,-0.237663568338868,-0.345252767311153,0.0946041951456134,-0.287891684895625,-0.64469438011695,-0.195271683820164,"+"
2,1,1,12,6,1,1,2,1,3.11721633331593,2.05723975913124,-0.664394717247163,2.38538824627804,-1.04906965811181,0.452700200860151,"+"
1,1,1,6,2,1,1,1,1,-0.279422093378136,-0.55416516091484,0.580184207995323,-0.0822547671130358,-0.00347072501080936,-0.195271683820164,"+"
1,2,2,7,3,1,1,1,1,0.228361571099364,-0.939849579875491,-0.652441978469324,-0.287891684895625,0.56843145386764,0.188597916108933,"+"
1,1,1,11,2,1,1,2,1,-0.306982719904053,-0.55416516091484,-0.365576247801188,0.329019068452143,-0.240319102122086,1.25268444711239,"+"
1,1,1,7,1,1,1,1,1,1.05685070787844,-0.55416516091484,-0.141462395716707,-0.0822547671130358,-1.04906965811181,-0.192392661820696,"+"
1,1,1,11,1,1,1,1,1,-0.523291879607462,-0.612419578362021,-0.166861965619615,-0.287891684895625,1.23276226771634,-0.191432987820873,"+"
1,2,2,12,2,1,2,1,1,0.0546461069360086,-0.604384486300341,-0.652441978469324,-0.493528602678215,1.22120868834506,-0.195271683820164,"+"
2,1,1,9,1,1,2,1,1,2.44156339818057,2.35855571144425,2.62260844665856,-0.493528602678215,-0.927757074713354,1.83175173860543,"+"
2,1,1,9,2,1,2,2,1,0.792101659129483,1.05285325142121,-0.141462395716707,-0.493528602678215,-0.881542757228227,-0.0346222562498369,"+"
1,1,1,9,1,1,2,1,1,-1.00351491755904,0.952414600650206,-0.365576247801188,-0.493528602678215,-0.702462276973359,-0.118497763834344,"+"
2,1,1,3,1,1,2,2,1,0.0822067334619254,-0.847446021166168,-0.652441978469324,-0.493528602678215,1.49271780357019,1.94998357538359,"+"
1,1,1,9,2,1,2,1,1,0.444670730802773,-0.303068533987332,2.02497150776661,-0.493528602678215,-0.459837110176441,-0.0726253466428175,"+"
1,2,2,2,1,2,2,1,1,0.513989882367957,-0.729932799764095,-0.216167013078201,-0.493528602678215,1.44072669639942,-0.195271683820164,"+"
2,2,2,13,1,1,2,1,1,-0.523291879607462,-0.445691418082156,-0.58969009988567,-0.493528602678215,1.08834252557532,-0.195271683820164,"+"
1,1,1,1,3,1,2,2,1,0.833860184168751,-0.955919763998852,3.81788232444246,-0.493528602678215,-1.04906965811181,-0.195271683820164,"+"
1,1,1,6,2,1,2,1,1,2.05905530882088,1.55504650527622,1.72615303832064,-0.493528602678215,-0.910426705656432,0.19397209050794,"+"
2,1,1,6,2,1,2,1,1,1.54375510983631,1.7729983774493,1.87556227304362,-0.493528602678215,-1.04906965811181,-0.195271683820164,"+"
1,1,1,9,2,1,2,2,1,-0.724567970296733,1.15329190219221,-0.265472060536787,-0.493528602678215,-0.471390689547723,-0.195271683820164,"+"
1,2,2,10,1,1,2,1,1,-0.362939143456672,-0.654603811685843,-0.552337791204923,-0.493528602678215,0.452895660154822,0.00913887814208009,"+"
1,1,1,13,1,1,2,1,3,-0.529973243613744,1.55504650527622,0.232060691090762,-0.493528602678215,-0.933533864398995,-0.195271683820164,"+"
2,1,1,13,1,1,2,2,1,-0.439774829528926,0.78468205386263,-0.241566582981109,-0.493528602678215,-0.124783308409268,-0.166481463825482,"+"
2,1,1,9,1,1,1,2,1,-1.07951543313051,0.902195275264704,-0.302824369217533,0.329019068452143,-0.702462276973359,-0.0916268918393077,"+"
1,1,1,13,1,1,1,2,1,-0.933360595493074,0.685247789599338,-0.0787105171330522,2.38538824627804,-0.702462276973359,-0.164945985425765,"+"
1,1,1,1,3,1,1,2,1,1.36335828166667,-0.89766534655167,3.81788232444246,3.61920975297358,-1.04906965811181,2.68375031564806,"+"
2,1,1,4,3,1,1,2,3,-0.843162181408255,-0.486871264898268,-0.514985482524176,0.329019068452143,-0.586926483260541,-0.195271683820164,"+"
2,1,1,9,1,1,1,2,1,-0.891602070453806,-0.353287859372834,-0.615089669788577,0.123382150669554,-0.471390689547723,-0.194120075020376,"+"
2,1,1,1,1,1,1,2,1,2.1492537229057,2.96118761607027,0.9791068647057,0.945929821799912,-1.04906965811181,0.380532716073481,"+"
2,1,1,9,1,1,1,2,1,-0.745447232816368,0.182050149236613,0.108051026270682,0.945929821799912,-0.303863788664136,0.42985995966437,"+"
1,1,1,1,2,1,1,2,1,1.45355669575149,0.7515372991082,3.07083615082753,1.35720365736509,-0.00347072501080936,0.122380410121164,"+"
1,1,1,13,3,1,1,2,1,0.722782507564298,0.349782696024188,0.381469925813749,-0.287891684895625,-1.04906965811181,-0.0993042838378897,"+"
1,1,1,1,1,1,1,2,1,0.771222396609849,0.0484667437111785,0.829697629982712,0.945929821799912,-1.04906965811181,0.393008478071177,"+"
2,1,1,1,1,1,1,1,1,-0.223465669825517,-0.747007370395165,0.0826514563677744,0.534655986234733,0.683967247580458,0.0791950801291402,"+"
2,1,1,9,2,1,1,2,1,0.144844521020828,-0.0268622443670738,-0.178814704397454,-0.0822547671130358,-1.04906965811181,-0.195271683820164,"+"
1,1,1,1,1,1,2,1,1,-0.836480817401972,1.15329190219221,0.232060691090762,-0.493528602678215,-1.04906965811181,-0.195271683820164,"+"
1,1,1,4,2,1,2,2,1,0.88981660772137,-0.91473991718274,0.867049938663459,-0.493528602678215,1.26164621614455,-0.195271683820164,"+"
1,1,1,11,1,1,2,2,1,0.868937345201736,-0.763077554518526,0.0826514563677744,-0.493528602678215,1.89709308156505,-0.0801108038414348,"+"
1,2,2,10,1,1,1,2,1,-0.724567970296733,-0.637529241054772,0.25746026099367,0.740292904017322,-0.586926483260541,-0.195271683820164,"+"
1,2,2,4,3,1,1,1,1,0.263438732132349,-0.144375465769147,1.87556227304362,0.945929821799912,0.0774043305881633,-0.195271683820164,"+"
1,2,2,1,3,1,1,1,1,-0.258542830858502,0.0565018357728587,-0.216167013078201,1.1515667395825,-0.217211943379523,-0.193928140220412,"+"
1,2,2,11,1,1,1,1,1,0.152361055527896,-0.320143104618403,0.281365738549348,0.123382150669554,1.14611042243173,-0.195271683820164,"+"
1,1,1,10,2,1,1,2,1,1.40511680670594,0.575769660258944,3.96729155916545,1.97411441071286,-1.04906965811181,-0.0436431918481707,"+"
1,2,2,13,1,1,1,1,1,-0.314499254411121,-0.546130068853159,-0.0667577783552132,0.123382150669554,1.08834252557532,-0.0877881958400168,"+"
1,1,1,11,1,1,1,2,1,-0.732084504803802,1.06088834348289,-0.652441978469324,1.35720365736509,-0.702462276973359,-0.119265503034203,"+"
2,1,1,9,2,1,1,2,1,-0.606808929685998,-0.855481113227849,-0.290871630439694,-0.287891684895625,-1.04906965811181,-0.0651398894442001,"+"
2,1,1,4,3,1,2,1,1,0.833860184168751,-0.755042462456846,0.00794683900628061,-0.493528602678215,-1.04906965811181,-0.137691243830799,"+"
1,1,1,1,1,1,1,2,1,-0.544171142127096,-0.403507184758335,0.00794683900628061,0.740292904017322,-0.79745837402612,-0.0801108038414348,"+"
2,1,1,9,1,1,1,1,1,-0.884920706447523,1.10307257680671,-0.452233603940521,-0.0822547671130358,-0.766006963515409,-0.195271683820164,"+"
1,2,2,10,1,1,1,2,1,0.41627493377607,-0.529055498222089,-0.638995147344255,-0.287891684895625,-0.760230173829768,0.032554923737755,"+"
2,1,1,9,2,1,1,2,1,0.340274418204602,1.45460785450522,3.51906385499649,1.1515667395825,-1.04906965811181,1.06957864794621,"+"
2,1,1,14,8,2,2,2,2,3.36025094904447,-0.955919763998852,-0.664394717247163,-0.493528602678215,-1.00927399583295,-0.195271683820164,"+"
1,1,1,9,2,1,1,2,1,-0.223465669825517,0.919269845895775,1.02841191216429,0.740292904017322,1.15188721211737,-0.16302663742612,"+"
1,1,1,6,1,1,1,2,1,0.319395155684968,-0.453726510143837,0.680288395259725,0.945929821799912,-0.182551205265677,0.0484855121348125,"+"
1,1,1,1,3,1,1,2,1,0.68102398252503,-0.102191232445326,1.27792533415167,2.79666208184322,-0.373185264891827,0.0369694241369396,"+"
1,1,1,3,2,1,1,1,1,0.666826084011678,0.224234382560434,2.32378997721259,2.38538824627804,1.25586942645891,-0.195271683820164,"+"
1,2,2,2,1,1,2,1,3,-0.585929667166364,0.374892358716938,0.9791068647057,-0.493528602678215,-0.471390689547723,-0.195271683820164,"+"
1,1,1,14,8,1,1,1,1,2.3998048731413,1.95680110836024,4.71433773278039,2.59102516406063,-1.04906965811181,-0.00333688385561554,"+"
1,1,1,4,1,1,1,2,1,-0.690325979764534,1.35416920373422,0.381469925813749,1.35720365736509,-0.725569435715923,-0.052856062246469,"+"
1,2,2,3,1,1,1,2,1,-0.390499769982589,-0.411542276820015,0.904402247344206,-0.287891684895625,0.169832965558418,-0.195271683820164,"+"
1,1,1,13,1,1,2,2,3,1.40511680670594,-0.252849208601831,0.381469925813749,-0.493528602678215,0.279591969585595,-0.195271683820164,"+"
1,1,1,3,2,1,1,2,1,0.820497456156185,-0.144375465769147,1.42733456887466,1.1515667395825,0.799503041293277,-0.195271683820164,"+"
1,1,1,14,8,1,1,2,1,2.05237394481459,1.35416920373422,0.829697629982712,0.534655986234733,-1.04906965811181,1.50354323066605,"+"
1,1,1,12,1,1,1,2,1,1.88533984465752,0.977524263342956,1.92486732050221,0.534655986234733,-1.04906965811181,-0.195271683820164,"+"
2,2,2,1,1,1,1,1,1,-1.03775690809124,0.902195275264704,-0.365576247801188,0.329019068452143,-0.586926483260541,-0.0993042838378897,"+"
2,1,1,13,1,1,1,1,1,1.56463437235594,1.5630815973379,0.0198995777841196,0.123382150669554,-0.147890467151832,-0.195271683820164,"+"
1,1,1,12,6,1,1,1,1,2.84578592056069,1.25373055296321,5.31197467167234,0.945929821799912,-0.921980285027713,-0.195271683820164,"+"
2,1,1,13,1,1,2,1,1,-1.14966975519648,0.851975949879203,-0.253519321758948,-0.493528602678215,-1.04906965811181,-0.195271683820164,"+"
2,1,1,13,1,1,2,2,1,-1.04527344259831,0.960449692711886,-0.638995147344255,-0.493528602678215,-0.471390689547723,-0.195271683820164,"+"
2,1,1,9,1,1,2,1,1,0.534869144887592,0.148905394482182,-0.627042408566416,-0.493528602678215,0.268038390214313,-0.195271683820164,"+"
1,1,1,1,3,1,2,1,1,-0.676128081251183,-0.152410557830828,-0.58969009988567,-0.493528602678215,-0.124783308409268,-0.195271683820164,"+"
1,1,1,6,1,1,2,2,1,-1.10791123015721,0.148905394482182,-0.514985482524176,-0.493528602678215,-0.586926483260541,-0.195271683820164,"+"
2,2,2,11,1,2,2,2,1,-0.738765868810085,0.743502207046519,0.0706987175899354,-0.493528602678215,-0.101676149666705,-0.195271683820164,"+"
1,1,1,9,1,1,1,1,1,-0.975119120532342,-0.880590775920599,-0.0667577783552132,-0.0822547671130358,-0.586926483260541,-0.195271683820164,"+"
1,1,1,3,1,1,2,2,1,-0.77384302984307,1.25373055296321,-0.46568043506559,-0.493528602678215,-0.471390689547723,-0.195271683820164,"+"
1,1,1,3,1,1,1,2,1,-0.515775345100393,-0.252849208601831,-0.477633173843429,0.945929821799912,-1.04906965811181,1.15959606912958,"+"
2,1,1,11,1,1,1,1,1,1.34247901914704,-0.353287859372834,3.48171154631574,-0.0822547671130358,1.94908418873582,0.131785215319426,"+"
1,1,1,11,2,1,1,1,1,0.179921682053813,-0.604384486300341,0.680288395259725,0.329019068452143,0.412458132355336,-0.0307835602505459,"+"
1,1,1,10,1,1,2,1,1,-0.306982719904053,1.80614313220373,1.05381148206719,-0.493528602678215,1.76422691879531,-0.0993042838378897,"+"
2,1,1,4,3,1,1,2,1,2.26116657001093,3.26250356838327,2.32378997721259,2.17975132849545,-1.04906965811181,1.09069147594231,"+"
2,1,1,9,1,1,1,2,1,-0.891602070453806,-0.58730991566927,-0.0413582084523053,0.534655986234733,0.221824072729186,0.2851411204911,"+"
1,1,1,4,3,1,2,1,1,-0.432258295021857,-0.90570043861335,-0.664394717247163,-0.493528602678215,-1.04906965811181,-0.195271683820164,"+"
1,1,1,13,1,1,1,2,1,-0.836480817401972,0.550659997566194,-0.241566582981109,-0.287891684895625,-0.586926483260541,1.68568935583241,"+"
1,1,1,9,1,1,2,2,3,0.959135759286555,-0.0268622443670738,0.704193872815403,-0.493528602678215,-1.04906965811181,-0.195271683820164,"+"
1,1,1,11,1,1,1,2,1,0.569946305920577,1.07796291411396,0.0826514563677744,0.740292904017322,1.95486097842146,-0.157652463027112,"+"
1,2,2,1,1,1,2,2,3,-0.905799968967157,1.05285325142121,0.0826514563677744,-0.493528602678215,-0.817998070686177,-0.195271683820164,"+"
1,1,1,10,1,1,1,2,1,1.41179817071222,4.08308734518237,-0.141462395716707,0.123382150669554,-0.355854895834905,-0.19258459662066,"+"
1,1,1,10,1,1,2,1,1,-0.251861466852219,0.0484667437111785,2.62260844665856,-0.493528602678215,-0.64469438011695,-0.195271683820164,"+"
2,1,1,9,1,1,1,2,1,-1.0519548066046,0.550659997566194,0.145403334951429,0.534655986234733,-0.437371816954504,4.93437778003235,"+"
1,1,1,4,1,1,1,2,1,-1.07283406912423,-0.55416516091484,-0.216167013078201,-0.0822547671130358,-0.355854895834905,-0.137691243830799,"+"
1,2,2,1,2,1,1,1,1,0.152361055527896,-0.345252767311153,-0.0548050395773741,-0.287891684895625,-0.00924751469645027,3.26473695514075,"+"
1,1,1,3,2,1,1,1,1,1.14036775795698,0.7515372991082,3.51906385499649,-0.287891684895625,-0.540712165775414,0.188597916108933,"+"
2,1,1,9,2,1,1,2,1,-0.975119120532342,-0.91373553067503,-0.57773736110783,1.76847749293027,-0.586926483260541,-0.176270138623673,"+"
2,1,1,1,3,1,1,2,1,-0.571731768653013,1.60526583066173,0.754993012621218,-0.0822547671130358,-0.627364011060027,-0.110052632635904,"+"
1,1,1,11,1,1,1,2,1,-0.794722292362704,1.25373055296321,-0.57773736110783,0.740292904017322,-0.350078106149264,-0.195271683820164,"+"
1,1,1,12,6,1,1,2,1,0.743661770083932,3.36294221915428,5.31197467167234,1.76847749293027,-1.04906965811181,0.0350500761372941,"+"
1,1,1,9,2,1,1,1,1,0.841376718675819,0.0484667437111785,0.829697629982712,0.740292904017322,1.66602149413941,-0.195271683820164,"+"
2,1,1,11,2,1,1,2,1,-1.12879049267685,1.25373055296321,-0.365576247801188,1.76847749293027,-1.04906965811181,0.380532716073481,"+"
1,1,1,11,2,1,1,2,1,-0.682809445257465,1.27884021565597,-0.526938221302015,-0.287891684895625,-0.471390689547723,-0.195271683820164,"+"
1,1,1,6,1,2,2,2,1,-0.953775874401161,-0.830371450535098,-0.58969009988567,-0.493528602678215,1.14611042243173,0.190517264108578,"-"
1,1,1,1,2,2,2,2,1,-1.10039469565015,1.10307257680671,-0.34017667789828,-0.493528602678215,0.799503041293277,-0.192776531420625,"-"
1,1,1,1,1,2,2,1,1,-0.947558494006425,1.2627700315326,-0.0667577783552132,-0.493528602678215,-0.26342626086465,-0.195271683820164,"-"
1,1,1,2,1,2,2,2,1,-0.947558494006425,-0.955919763998852,-0.514985482524176,-0.493528602678215,-0.217211943379523,-0.195271683820164,"-"
2,1,1,4,1,2,2,2,1,-0.884920706447523,0.960449692711886,-0.652441978469324,-0.493528602678215,0.106288279016368,-0.00333688385561554,"-"
2,2,2,1,1,2,2,2,1,-0.571731768653013,-0.604384486300341,-0.615089669788577,-0.493528602678215,-0.286533419607214,-0.195271683820164,"-"
1,1,1,2,2,2,2,1,1,0.117283894494911,-0.486871264898268,1.05381148206719,-0.493528602678215,0.637752930095331,-0.195271683820164,"-"
2,2,2,14,8,2,2,2,1,1.73918500702008,-0.955919763998852,-0.664394717247163,-0.493528602678215,-1.04906965811181,-0.195271683820164,"-"
2,1,1,4,9,2,2,2,1,1.40511680670594,-0.687748566440274,-0.564290529982762,-0.493528602678215,-1.04906965811181,-0.172239507824418,"-"
2,2,2,11,2,2,2,1,1,-0.91248133297344,1.15329190219221,-0.664394717247163,-0.493528602678215,-0.159444046523114,-0.189129770221298,"-"
1,1,1,14,8,2,2,2,1,1.62059079590856,-0.838406542596778,-0.664394717247163,-0.493528602678215,-0.211435153693882,-0.195271683820164,"-"
1,2,2,1,1,2,2,2,1,-1.19142828023575,-0.938845193367781,-0.652441978469324,-0.493528602678215,-0.240319102122086,-0.05669475824576,"-"
1,2,2,12,7,2,2,2,1,-1.08703196763758,-0.712858229133024,-0.664394717247163,-0.493528602678215,-0.471390689547723,-0.195271683820164,"-"
2,1,1,2,1,2,2,2,1,0.0546461069360086,0.249344045253185,-0.290871630439694,-0.493528602678215,0.522217136382513,-0.195271683820164,"-"
1,1,1,9,1,1,2,1,1,2.3655628826091,-0.646568719624162,-0.627042408566416,-0.493528602678215,0.452895660154822,-0.195271683820164,"+"
1,1,1,9,5,2,2,2,1,-1.1145925941635,-0.922775009244421,-0.601642838663509,-0.493528602678215,0.106288279016368,-0.187594291821582,"+"
1,2,2,1,1,2,2,2,2,0.52067124637424,-0.955919763998852,-0.664394717247163,-0.493528602678215,-0.92069655398646,-0.195271683820164,"+"
1,1,1,1,1,2,2,1,1,0.0822067334619254,-0.453726510143837,-0.290871630439694,-0.493528602678215,0.56843145386764,-0.195271683820164,"-"
1,2,2,7,1,2,2,2,1,-1.10791123015721,0.400002021409689,-0.652441978469324,-0.493528602678215,-0.240319102122086,-0.195271683820164,"-"
1,2,2,6,1,2,2,2,1,0.57662766992686,1.07796291411396,-0.627042408566416,-0.493528602678215,-0.124783308409268,-0.195271683820164,"-"
1,1,1,3,2,2,2,1,3,-0.0564315696684443,-0.453726510143837,0.00794683900628061,-0.493528602678215,0.915038835006095,-0.195271683820164,"-"
1,1,1,2,1,2,2,2,1,-1.06615270511795,0.191089627806003,-0.503032743746337,-0.493528602678215,-0.355854895834905,-0.195271683820164,"-"
2,1,1,4,2,2,2,2,1,-1.01687764557161,0.131830823851111,-0.57773736110783,-0.493528602678215,-0.586926483260541,-0.102375240637322,"-"
2,2,2,9,2,2,2,2,1,-1.10039469565015,1.05285325142121,-0.615089669788577,-0.493528602678215,0.915038835006095,-0.195271683820164,"-"
1,2,2,14,8,2,2,2,1,-0.56505040464673,1.75592380681823,-0.664394717247163,-0.493528602678215,-0.458553379135187,-0.195271683820164,"-"
1,1,1,7,1,1,2,2,3,-1.26074743180094,-0.788187217211277,-0.638995147344255,-0.493528602678215,0.106288279016368,-0.195271683820164,"-"
1,2,2,1,2,2,2,2,1,-0.849843545414538,-0.780152125149596,-0.58969009988567,-0.493528602678215,0.56843145386764,-0.156116984627396,"-"
1,2,2,3,2,2,2,2,1,-0.620171657698563,-0.838406542596778,-0.627042408566416,-0.493528602678215,0.337359866442004,-0.195079749020199,"-"
1,1,1,1,1,2,2,2,3,-1.14215322068941,-0.0600069991215048,-0.58969009988567,-0.493528602678215,-0.586926483260541,-0.195271683820164,"-"
2,1,1,9,1,2,1,2,1,-1.2398681692813,-0.704823137071344,-0.58969009988567,-0.287891684895625,-0.425176372062595,-0.176462073423638,"-"
1,1,1,1,1,2,1,2,1,-0.676128081251183,1.58015616796897,-0.627042408566416,-0.0822547671130358,-1.04906965811181,0.870350325583008,"-"
1,1,1,10,2,2,1,2,1,-1.14966975519648,1.05285325142121,-0.615089669788577,-0.287891684895625,-0.355854895834905,-0.195079749020199,"-"
2,1,1,14,8,2,1,1,1,-0.837687174791995,-0.654603811685843,-0.664394717247163,-0.0822547671130358,0.106288279016368,-0.175118529823886,"-"
1,1,1,10,1,2,1,2,1,-0.154146518260332,-0.839410929104488,-0.57773736110783,-0.287891684895625,0.915038835006095,0.342721560480465,"-"
1,2,2,1,1,2,1,2,1,-1.04527344259831,-0.872555683858919,-0.615089669788577,-0.287891684895625,0.106288279016368,-0.195079749020199,"-"
2,2,2,5,4,2,2,2,1,-0.801403656368987,-0.604384486300341,-0.664394717247163,-0.493528602678215,-0.124783308409268,-0.195271683820164,"-"
1,1,1,7,1,2,2,1,3,-0.697007343770817,-0.805261787842347,-0.514985482524176,-0.493528602678215,0.799503041293277,-0.195271683820164,"-"
2,1,1,10,1,2,1,2,1,-1.09371333164386,1.05285325142121,-0.365576247801188,-0.287891684895625,-0.355854895834905,-0.195079749020199,"-"
1,1,1,10,1,2,1,2,1,-0.494896082580759,-0.847446021166168,-0.615089669788577,-0.287891684895625,0.522217136382513,-0.110052632635904,"-"
1,1,1,10,1,2,1,2,1,0.367835044730519,-0.470801080774907,-0.627042408566416,-0.0822547671130358,0.221824072729186,-0.195079749020199,"-"
2,1,1,14,8,2,1,2,1,-1.27494533031429,-0.88862586798228,-0.664394717247163,-0.287891684895625,-0.124783308409268,-0.171087899024631,"-"
2,1,1,14,8,2,1,1,1,0.0479647429297259,-0.328178196680083,0.244013429868601,-0.0822547671130358,0.106288279016368,-0.194503944620306,"-"
1,1,1,14,8,2,1,2,1,3.1589748583552,0.851975949879203,0.530879160536737,-0.287891684895625,-0.64469438011695,-0.194120075020376,"-"
1,1,1,13,1,2,1,1,1,0.131481793008262,-0.453726510143837,-0.141462395716707,-0.0822547671130358,3.11021891554964,-0.195271683820164,"-"
1,1,1,13,1,2,1,2,1,-1.25406606779465,-0.403507184758335,-0.46568043506559,-0.287891684895625,-0.586926483260541,-0.191241053020908,"-"
1,1,1,1,1,2,1,1,1,-0.766326495336002,1.47971751719797,0.332164878355164,-0.0822547671130358,-0.00924751469645027,-0.162066963426297,"-"
2,1,1,14,8,2,1,2,1,2.19101224794496,-0.55416516091484,1.27792533415167,-0.287891684895625,-1.04906965811181,-0.193352335820518,"-"
1,1,1,2,1,2,2,1,3,-1.09371333164386,-0.922775009244421,-0.58969009988567,-0.493528602678215,0.56843145386764,-0.195271683820164,"-"
1,1,1,1,1,2,2,1,3,-0.661930182737831,-0.755042462456846,-0.514985482524176,-0.493528602678215,0.56843145386764,-0.195271683820164,"-"
2,1,1,9,1,2,2,2,1,-1.28830805832685,-0.378397522065584,-0.638995147344255,-0.493528602678215,-0.355854895834905,-0.195271683820164,"-"
2,1,1,9,2,2,2,2,1,-0.550852506133378,1.78906856157266,-0.216167013078201,-0.493528602678215,0.56843145386764,-0.195079749020199,"-"
1,2,2,14,8,1,2,1,1,1.45355669575149,4.33418397210988,-0.664394717247163,-0.493528602678215,-1.04906965811181,-0.195271683820164,"-"
1,1,1,14,8,2,2,2,1,-0.655248818731549,-0.403507184758335,0.680288395259725,-0.493528602678215,-0.124783308409268,-0.19047331382105,"-"
1,1,1,14,8,2,2,2,1,-1.06615270511795,1.11110766886839,-0.540385052427084,-0.493528602678215,-0.586926483260541,-0.195271683820164,"-"
1,1,1,6,2,2,2,1,3,-0.30030135589777,-0.696788045009664,-0.58969009988567,-0.493528602678215,-0.240319102122086,-0.195271683820164,"-"
2,2,2,5,4,2,2,2,1,0.0337668444163746,-0.353287859372834,-0.664394717247163,-0.493528602678215,-0.124783308409268,-0.191432987820873,"-"
2,1,1,10,1,2,2,1,1,-0.544171142127096,-0.0519719070598245,-0.365576247801188,-0.493528602678215,1.03057462871891,-0.194120075020376,"-"
1,2,2,1,1,2,2,1,1,-1.03107554408496,-0.604384486300341,0.0333464089091885,-0.493528602678215,-0.402069213320032,-0.194120075020376,"-"
2,1,1,13,1,2,2,2,1,-1.25406606779465,-0.91373553067503,-0.627042408566416,-0.493528602678215,0.106288279016368,-0.195079749020199,"-"
2,1,1,2,1,2,2,2,1,-1.06615270511795,1.05285325142121,-0.540385052427084,-0.493528602678215,-0.586926483260541,-0.187210422221653,"-"
1,2,2,13,1,2,2,2,1,-1.26074743180094,-0.955919763998852,-0.58969009988567,-0.493528602678215,-0.702462276973359,-0.195271683820164,"-"
1,1,1,7,1,1,2,1,3,-0.697007343770817,-0.805261787842347,-0.514985482524176,-0.493528602678215,0.799503041293277,-0.195271683820164,"-"
1,2,2,1,2,2,2,2,1,-0.849843545414538,-0.90570043861335,-0.58969009988567,-0.493528602678215,0.56843145386764,-0.156116984627396,"-"
1,3,3,14,9,2,2,1,2,-1.15635111920277,3.46338086992528,-0.664394717247163,-0.493528602678215,1.55048570042659,18.9982083126347,"+"
1,2,2,7,3,2,2,1,3,-1.01687764557161,-0.955919763998852,-0.664394717247163,-0.493528602678215,1.83932518470864,-0.195079749020199,"+"
1,2,2,1,1,2,2,1,1,0.451352094809055,-0.930810101306101,-0.216167013078201,-0.493528602678215,0.291145548956877,-0.17358305142417,"+"
1,1,1,10,1,2,2,2,1,-0.843162181408255,-0.654603811685843,-0.216167013078201,-0.493528602678215,-0.182551205265677,-0.193736205420447,"+"
2,3,3,3,8,2,2,1,3,-1.10791123015721,-0.880590775920599,2.32378997721259,-0.493528602678215,0.683967247580458,-0.195271683820164,"+"
2,1,1,3,1,2,2,2,1,0.194119580567164,-0.880590775920599,-0.552337791204923,-0.493528602678215,0.683967247580458,-0.186826552621724,"+"
1,2,2,6,1,1,1,2,1,1.43935879723814,-0.91473991718274,-0.58969009988567,1.76847749293027,1.14611042243173,0.329094189682982,"+"
1,1,1,10,1,2,2,2,1,0.194119580567164,-0.704823137071344,-0.316271200342602,-0.493528602678215,-0.355854895834905,-0.195271683820164,"-"
2,2,2,11,1,2,2,2,1,-0.154146518260332,-0.737967891825775,-0.365576247801188,-0.493528602678215,0.56843145386764,-0.192776531420625,"-"
1,2,2,1,1,2,2,2,1,-0.0981900947077124,-0.737967891825775,-0.652441978469324,-0.493528602678215,-0.0670154115528593,-0.16091535462651,"-"
1,1,1,4,3,2,2,2,3,0.792101659129483,-0.252849208601831,-0.514985482524176,-0.493528602678215,5.65200637723164,-0.195271683820164,"-"
1,2,2,10,1,2,2,2,3,0.290999358658266,-0.453726510143837,0.232060691090762,-0.493528602678215,0.106288279016368,-0.195271683820164,"-"
1,2,2,4,1,2,2,1,1,-1.31104325529268,-0.152410557830828,-0.638995147344255,-0.493528602678215,1.3251909026866,-0.195271683820164,"-"
1,1,1,1,1,2,2,2,2,-0.91248133297344,-0.955919763998852,-0.664394717247163,-0.493528602678215,-0.92069655398646,-0.195271683820164,"-"
2,2,2,1,1,2,2,1,1,0.159042419534179,-0.453726510143837,0.0826514563677744,-0.493528602678215,-1.04906965811181,-0.194887814220235,"-"
1,1,1,1,1,2,2,2,1,0.228361571099364,-0.453726510143837,-0.365576247801188,-0.493528602678215,1.608253597283,-0.192200727020731,"-"
2,1,1,2,1,2,2,1,1,-0.50909398109411,1.55504650527622,-0.365576247801188,-0.493528602678215,-0.00924751469645027,0.00856307374218645,"-"
1,1,1,3,3,2,2,2,1,0.284317994651983,-0.453726510143837,-0.514985482524176,-0.493528602678215,0.961253152491222,-0.195271683820164,"-"
1,1,1,9,2,2,2,1,1,-0.306982719904053,-0.805261787842347,-0.615089669788577,-0.493528602678215,0.221824072729186,-0.147096049029062,"-"
1,1,1,1,1,2,2,1,1,1.33496248463997,0.349782696024188,-0.365576247801188,-0.493528602678215,-1.04906965811181,-0.151510549428247,"-"
2,2,2,4,2,2,2,1,1,0.290999358658266,-0.704823137071344,-0.514985482524176,-0.493528602678215,-0.124783308409268,-0.195271683820164,"-"
2,2,2,13,1,2,2,2,1,0.159042419534179,-0.353287859372834,-0.0667577783552132,-0.493528602678215,-0.00924751469645027,-0.195271683820164,"-"
1,1,1,10,1,2,2,1,1,-0.279422093378136,-0.353287859372834,-0.440280865162682,-0.493528602678215,0.683967247580458,-0.182412052222539,"-"
2,1,1,1,1,2,2,2,1,0.645946821492044,-0.152410557830828,0.232060691090762,-0.493528602678215,1.72378939099582,-0.195271683820164,"-"
1,1,1,13,1,2,2,2,1,0.952454395280272,-0.135335987199757,-0.652441978469324,-0.493528602678215,-0.425176372062595,-0.176078203823709,"-"
1,1,1,4,3,2,2,1,1,-0.369620507462955,-0.503945835529338,-0.514985482524176,-0.493528602678215,2.64807574069837,0.572467516038029,"-"
1,1,1,4,3,2,2,2,1,0.200800944573447,-0.403507184758335,-0.664394717247163,-0.493528602678215,-0.00924751469645027,-0.195271683820164,"-"
1,1,1,6,1,2,2,1,1,0.632584093479479,-0.604384486300341,-0.514985482524176,-0.493528602678215,0.683967247580458,-0.194887814220235,"-"
1,1,1,12,6,2,2,2,1,2.622795396851,0.450221346795191,-0.664394717247163,-0.493528602678215,-1.04906965811181,-0.192968466220589,"-"
1,1,1,1,1,2,2,1,1,0.0755253694556427,-0.654603811685843,-0.58969009988567,-0.493528602678215,1.0998961049466,-0.171855638224489,"-"
1,2,2,1,3,2,2,2,1,-0.383818405976306,-0.0519719070598245,0.0826514563677744,-0.493528602678215,0.106288279016368,0.0369694241369396,"-"
1,1,1,1,1,1,1,1,1,2.67123528589655,-0.847446021166168,-0.489585912621268,0.123382150669554,-0.00924751469645027,-0.195271683820164,"-"
1,1,1,10,1,2,1,1,1,-0.293619991891487,-0.654603811685843,0.00794683900628061,-0.287891684895625,-0.471390689547723,-0.19469587942027,"-"
2,1,1,5,4,2,2,1,1,-0.432258295021857,-0.55416516091484,-0.664394717247163,-0.493528602678215,0.545324295125077,-0.195079749020199,"-"
1,2,2,14,8,2,2,2,1,-0.766326495336002,-0.838406542596778,-0.664394717247163,-0.493528602678215,-0.471390689547723,-0.195271683820164,"-"
1,2,2,7,1,2,2,1,1,-0.738765868810085,1.35416920373422,-0.216167013078201,-0.493528602678215,-1.04906965811181,0.572467516038029,"-"
1,1,1,2,1,2,2,1,3,-0.0497502056621616,-0.637529241054772,-0.489585912621268,-0.493528602678215,-1.04906965811181,-0.195271683820164,"-"
1,1,1,4,1,2,2,1,1,0.444670730802773,-0.55416516091484,-0.58969009988567,-0.493528602678215,0.227600862414827,-0.195271683820164,"-"
2,1,1,13,1,2,1,1,1,-1.28162669432057,-0.922775009244421,-0.365576247801188,-0.0822547671130358,0.799503041293277,-0.195079749020199,"-"
1,1,1,2,1,2,2,2,1,0.820497456156185,-0.687748566440274,-0.615089669788577,-0.493528602678215,-0.0785689909241411,-0.195271683820164,"-"
2,1,1,9,1,2,2,1,1,-0.989317019045693,-0.922775009244421,-0.652441978469324,-0.493528602678215,1.14611042243173,-0.195271683820164,"-"
1,1,1,2,1,2,2,1,1,0.0897232679689939,-0.353287859372834,-0.615089669788577,-0.493528602678215,-0.355854895834905,-0.195271683820164,"-"
2,1,1,14,8,2,2,2,1,0.451352094809055,-0.00978767373600325,-0.664394717247163,-0.493528602678215,-0.124783308409268,-0.195271683820164,"-"
2,1,1,6,1,2,2,1,3,-0.0915087307014296,0.148905394482182,0.9791068647057,-0.493528602678215,-0.471390689547723,-0.195271683820164,"-"
1,1,1,14,8,2,2,1,1,-0.690325979764534,-0.453726510143837,-0.638995147344255,-0.493528602678215,-0.471390689547723,0.612389954430655,"-"
1,1,1,6,8,2,2,2,1,-0.377137041970023,-0.847446021166168,-0.664394717247163,-0.493528602678215,-0.471390689547723,-0.195271683820164,"-"
1,2,2,6,1,2,2,2,3,-1.20479100824832,-0.88862586798228,-0.57773736110783,-0.493528602678215,0.106288279016368,-0.195271683820164,"-"
1,1,1,12,7,2,1,2,1,-0.578413132659295,-0.55416516091484,-0.615089669788577,-0.0822547671130358,0.799503041293277,0.0542435561337489,"-"
1,1,1,7,1,2,1,1,1,0.959135759286555,-0.704823137071344,3.48171154631574,-0.287891684895625,0.984360311233786,-0.173774986224134,"-"
2,1,1,13,1,2,2,2,1,-0.717886606290451,0.282488800007616,-0.615089669788577,-0.493528602678215,0.221824072729186,-0.00333688385561554,"-"
1,2,2,7,1,2,2,2,3,0.674342618518747,-0.612419578362021,-0.615089669788577,-0.493528602678215,1.26164621614455,-0.195271683820164,"-"
2,2,2,6,2,2,2,1,1,-0.648567454725266,1.35416920373422,0.232060691090762,-0.493528602678215,-0.933533864398995,-0.192200727020731,"-"
1,2,2,8,5,2,2,1,1,-0.828964282894904,-0.805261787842347,-0.440280865162682,-0.493528602678215,-0.286533419607214,-0.194887814220235,"-"
1,2,2,10,1,2,2,1,1,0.138163157014545,-0.453726510143837,1.42733456887466,-0.493528602678215,0.56843145386764,-0.195271683820164,"-"
1,1,1,12,7,2,2,1,1,-0.418895567009291,1.65548515604723,-0.664394717247163,-0.493528602678215,-0.240319102122086,0.0177759441404848,"-"
2,1,1,6,2,2,2,1,3,1.14036775795698,-0.034897336428754,-0.365576247801188,-0.493528602678215,0.337359866442004,-0.195271683820164,"-"
1,1,1,10,1,2,2,2,1,-0.425576931015574,-0.646568719624162,-0.627042408566416,-0.493528602678215,-0.471390689547723,-0.195271683820164,"-"
2,1,1,13,1,2,2,2,1,-0.265224194864785,-0.838406542596778,-0.652441978469324,-0.493528602678215,0.452895660154822,-0.00256914465575735,"-"
2,2,2,12,7,2,2,2,1,-0.87823934244124,-0.855481113227849,-0.365576247801188,-0.493528602678215,0.452895660154822,-0.195271683820164,"-"
1,1,1,2,1,2,2,2,1,-0.223465669825517,1.95680110836024,-0.627042408566416,-0.493528602678215,-1.04906965811181,-0.140378331030303,"-"
1,2,2,1,1,2,2,1,3,-0.891602070453806,-0.788187217211277,-0.0667577783552132,-0.493528602678215,0.337359866442004,-0.195271683820164,"-"
1,1,1,4,3,2,2,1,1,0.256757368126066,-0.687748566440274,-0.627042408566416,-0.493528602678215,1.49271780357019,0.668434916020303,"-"
1,1,1,4,3,2,2,1,3,0.186603046060096,-0.90570043861335,0.530879160536737,-0.493528602678215,1.37718200985737,-0.195271683820164,"-"
1,1,1,4,3,2,2,1,1,0.987531556313258,0.0484667437111785,0.00794683900628061,-0.493528602678215,-0.234542312436446,-0.195271683820164,"-"
2,1,1,1,1,2,2,2,1,-0.724567970296733,0.450221346795191,-0.615089669788577,-0.493528602678215,-0.124783308409268,-0.195271683820164,"-"
2,2,2,4,3,2,2,2,1,-0.585929667166364,-0.453726510143837,0.680288395259725,-0.493528602678215,0.106288279016368,-0.10774941503633,"-"
2,2,2,14,8,2,2,1,1,2.12837446038606,-0.102191232445326,0.829697629982712,-0.493528602678215,-1.04906965811181,-0.194503944620306,"-"
1,1,1,6,1,2,2,1,1,-0.77384302984307,1.34613411167254,-0.190767443175293,-0.493528602678215,-0.471390689547723,0.0373532937368687,"-"
1,2,2,1,1,2,2,1,1,0.221680207093081,0.148905394482182,-0.216167013078201,-0.493528602678215,-0.702462276973359,-0.195271683820164,"-"
1,2,2,13,1,2,2,1,1,-0.732084504803802,-0.654603811685843,-0.503032743746337,-0.493528602678215,-0.355854895834905,-0.182412052222539,"-"
1,1,1,1,1,2,2,1,3,-0.849843545414538,-0.955919763998852,-0.514985482524176,-0.493528602678215,-1.04906965811181,-0.195271683820164,"-"
1,1,1,4,3,2,2,1,1,-0.390499769982589,1.97387567899131,-0.664394717247163,-0.493528602678215,-0.0208010940677321,-0.195271683820164,"-"
1,1,1,7,1,2,2,2,3,-0.703688707777099,-0.921770622736711,-0.638995147344255,-0.493528602678215,-1.04906965811181,-0.195271683820164,"-"
1,1,1,12,1,2,2,2,1,-1.35094584588576,0.450221346795191,-0.365576247801188,-0.493528602678215,2.41700415327273,-0.195271683820164,"-"
1,1,1,4,3,2,2,2,1,0.716101143558015,0.0484667437111785,-0.601642838663509,-0.493528602678215,2.12816466899068,-0.195271683820164,"-"
1,1,1,13,3,2,2,1,1,-0.327861982423687,1.55504650527622,-0.58969009988567,-0.493528602678215,3.11021891554964,-0.195271683820164,"-"
1,1,1,7,1,2,2,1,1,-0.550852506133378,-0.847446021166168,-0.365576247801188,-0.493528602678215,-0.355854895834905,-0.195079749020199,"-"
1,2,2,10,1,2,2,2,1,0.820497456156185,-0.704823137071344,-0.58969009988567,-0.493528602678215,-1.04906965811181,-0.157844397827077,"-"
2,1,1,2,1,2,2,1,1,0.144844521020828,-0.629494148993092,-0.503032743746337,-0.493528602678215,-1.04906965811181,-0.195271683820164,"-"
1,2,2,11,2,2,2,2,1,-0.126585891734415,-0.546130068853159,-0.652441978469324,-0.493528602678215,-0.309640578349777,-0.195079749020199,"-"
2,2,2,14,8,2,2,2,1,-0.648567454725266,-0.838406542596778,-0.627042408566416,-0.493528602678215,-0.355854895834905,-0.178573356223248,"-"
1,2,2,6,2,2,2,1,1,-0.432258295021857,1.55504650527622,-0.290871630439694,-0.493528602678215,-1.04906965811181,-0.192008792220766,"-"
1,1,1,1,1,2,2,2,1,-0.0288709431425275,-0.537090590283769,-0.638995147344255,-0.493528602678215,0.683967247580458,-0.195271683820164,"-"
1,2,2,5,1,2,2,2,1,-0.884920706447523,0.065541314342249,-0.57773736110783,-0.493528602678215,-0.240319102122086,-0.159955680626687,"-"
1,1,1,1,1,2,2,2,1,-0.202586407305883,-0.880590775920599,-0.57773736110783,-0.493528602678215,0.221824072729186,-0.168400811825127,"-"
2,1,1,4,3,2,2,1,1,1.71830574450045,0.349782696024188,0.25746026099367,-0.493528602678215,-0.627364011060027,-0.195271683820164,"-"
2,1,1,9,1,2,2,2,3,-0.724567970296733,-0.88862586798228,-0.440280865162682,-0.493528602678215,-0.124783308409268,-0.195271683820164,"-"
1,2,2,4,3,2,2,1,1,0.221680207093081,0.065541314342249,-0.34017667789828,-0.493528602678215,1.72378939099582,-0.195271683820164,"-"
2,1,1,14,8,2,2,2,3,3.18653548488111,0.249344045253185,-0.664394717247163,-0.493528602678215,-1.04906965811181,-0.195271683820164,"-"
2,2,2,6,1,2,1,2,1,0.750343134090215,0.676208311029947,-0.615089669788577,-0.0822547671130358,-0.429027565186356,-0.191816857420802,"-"
2,2,2,1,1,2,1,2,1,-0.982635655039411,-0.822336358473418,-0.365576247801188,-0.287891684895625,10.50450971317,-0.194887814220235,"-"
1,1,1,10,1,2,1,2,1,-1.28162669432057,-0.328178196680083,-0.638995147344255,-0.287891684895625,-1.04906965811181,-0.194120075020376,"-"
1,1,1,9,1,2,1,2,1,-1.19142828023575,-0.90570043861335,-0.564290529982762,0.329019068452143,-0.124783308409268,-0.193736205420447,"-"
1,1,1,14,8,2,1,2,1,-0.00799168062289349,-0.386432614127265,-0.664394717247163,0.534655986234733,-0.0323546734390139,-0.16724920302534,"-"
1,1,1,1,1,2,1,2,1,-0.515775345100393,-0.353287859372834,-0.290871630439694,-0.287891684895625,-1.04906965811181,-0.191049118220944,"-"
2,1,1,4,1,2,2,2,1,-0.724567970296733,-0.797226695780667,-0.638995147344255,-0.493528602678215,-0.217211943379523,-0.195271683820164,"-"
1,1,1,4,3,2,2,2,3,0.771222396609849,-0.654603811685843,-0.664394717247163,-0.493528602678215,0.683967247580458,-0.195271683820164,"-"
1,1,1,6,1,2,2,1,1,-0.759645131329719,-0.863516205289529,-0.627042408566416,-0.493528602678215,0.56843145386764,-0.184715269822114,"-"
2,2,2,14,8,2,2,2,1,-0.759645131329719,-0.704823137071344,0.306765308452256,-0.493528602678215,0.56843145386764,-0.195271683820164,"-"
1,2,2,6,1,2,2,2,1,-0.738765868810085,-0.930810101306101,-0.627042408566416,-0.493528602678215,0.106288279016368,-0.181836247822645,"-"
1,1,1,1,1,2,2,1,1,-0.648567454725266,-0.596349394238661,-0.503032743746337,-0.493528602678215,-0.26342626086465,-0.195079749020199,"-"
1,1,1,1,1,2,1,2,1,0.590825568440211,-0.814301266411737,-0.552337791204923,-0.0822547671130358,0.25070802115739,-0.0993042838378897,"-"
2,2,2,14,8,2,2,1,1,-0.398016304489657,-0.445691418082156,-0.664394717247163,-0.493528602678215,-0.00924751469645027,-0.183755595822291,"-"
1,1,1,4,1,2,2,1,1,0.305197257171617,-0.453726510143837,-0.365576247801188,-0.493528602678215,0.164056175872777,-0.195271683820164,"-"
1,1,1,9,1,2,2,2,1,-0.91248133297344,-0.737967891825775,-0.216167013078201,-0.493528602678215,-0.425176372062595,-0.193928140220412,"-"
1,1,1,10,1,2,2,2,1,-0.160827882266615,-0.704823137071344,-0.141462395716707,-0.493528602678215,0.106288279016368,-0.195271683820164,"-"
1,1,1,3,1,2,2,2,1,-0.432258295021857,-0.788187217211277,-0.316271200342602,-0.493528602678215,-0.471390689547723,-0.195271683820164,"-"
1,1,1,1,1,2,2,2,2,0.194119580567164,-0.521020406160409,-0.216167013078201,-0.493528602678215,-0.355854895834905,-0.195271683820164,"-"
1,1,1,1,1,2,2,2,1,-0.56505040464673,-0.704823137071344,-0.58969009988567,-0.493528602678215,-0.413622792691314,-0.195271683820164,"-"
2,1,1,10,1,2,2,1,1,-0.306982719904053,-0.546130068853159,-0.58969009988567,-0.493528602678215,-0.00924751469645027,-0.185674943821936,"-"
1,1,1,12,1,2,2,2,1,0.513989882367957,-0.788187217211277,-0.652441978469324,-0.493528602678215,-0.355854895834905,-0.194312009820341,"-"
1,1,1,14,8,2,2,2,1,1.48863385678447,-0.495910743467658,-0.57773736110783,-0.493528602678215,0.106288279016368,-0.19469587942027,"-"
1,2,2,3,1,2,2,2,1,0.186603046060096,-0.88862586798228,-0.638995147344255,-0.493528602678215,-0.00924751469645027,-0.195271683820164,"-"
1,2,2,14,8,2,2,2,1,1.71078920999338,-0.353287859372834,-0.216167013078201,-0.493528602678215,-0.00924751469645027,-0.194503944620306,"-"
1,2,2,1,1,2,2,2,1,-0.703688707777099,-0.320143104618403,-0.615089669788577,-0.493528602678215,-0.124783308409268,0.00779533454232825,"-"
1,1,1,6,1,2,2,1,1,-0.794722292362704,-0.646568719624162,-0.638995147344255,-0.493528602678215,1.00746746997635,-0.195271683820164,"-"
1,1,1,13,1,2,2,2,1,-0.50909398109411,-0.755042462456846,-0.514985482524176,-0.493528602678215,0.106288279016368,-0.195271683820164,"-"
1,1,1,1,1,2,2,1,1,2.2745292980235,-0.411542276820015,0.0572518864648665,-0.493528602678215,0.799503041293277,-0.195271683820164,"-"
1,2,2,14,8,2,1,2,1,-1.03107554408496,-0.955919763998852,-0.664394717247163,0.329019068452143,-0.789114122257973,-0.195079749020199,"-"
1,1,1,14,8,2,1,2,1,-0.982635655039411,-0.838406542596778,-0.664394717247163,0.123382150669554,0.972806731862504,-0.0476738226474262,"-"
2,1,1,14,8,2,2,1,3,1.83606478511118,-0.922775009244421,-0.664394717247163,-0.493528602678215,-0.690908697602077,-0.190089444221121,"-"
2,1,1,14,8,2,1,2,1,-0.348741244943321,-0.704823137071344,-0.664394717247163,-0.287891684895625,-0.51760500703285,-0.137691243830799,"-"
1,1,1,6,1,2,1,1,1,-0.453137557541491,-0.780152125149596,-0.552337791204923,-0.0822547671130358,-0.0439082528102957,-0.19469587942027,"-"
1,1,1,6,1,2,1,2,3,-0.690325979764534,-0.955919763998852,-0.365576247801188,1.76847749293027,-1.04906965811181,-0.195271683820164,"-"
1,1,1,14,8,2,1,2,1,0.687705346531313,0.0484667437111785,-0.664394717247163,-0.0822547671130358,-0.950864233455918,-0.195079749020199,"-"
1,2,2,7,1,2,2,1,3,-0.0639481041755129,-0.411542276820015,-0.627042408566416,-0.493528602678215,-0.586926483260541,-0.195271683820164,"-"
1,1,1,6,1,2,2,1,1,-1.1772303817224,-0.353287859372834,-0.652441978469324,-0.493528602678215,-0.124783308409268,-0.187594291821582,"-"
2,2,2,5,8,2,2,2,1,-1.14215322068941,-0.955919763998852,-0.664394717247163,-0.493528602678215,-0.552265745146695,-0.195271683820164,"-"
2,1,1,14,8,2,2,2,1,-0.99172973382574,1.30394987834872,-0.664394717247163,-0.493528602678215,-0.651113035323218,0.802789275995487,"-"
1,1,1,1,1,2,2,2,1,-1.2398681692813,-0.930810101306101,-0.615089669788577,-0.493528602678215,-0.286533419607214,-0.195271683820164,"-"
2,1,1,14,8,2,2,2,1,-0.335378516930755,-0.621459056931412,-0.664394717247163,-0.493528602678215,0.915038835006095,-0.195079749020199,"-"
1,1,1,14,8,2,1,2,1,-0.00799168062289349,-0.729932799764095,-0.664394717247163,-0.287891684895625,-0.494497848290286,-0.191624922620837,"-"
1,1,1,1,1,2,2,2,1,-0.947558494006425,0.450221346795191,-0.514985482524176,-0.493528602678215,-1.04906965811181,-0.195271683820164,"-"
1,2,2,4,3,2,2,2,1,-1.03655055070122,-0.353287859372834,1.42733456887466,-0.493528602678215,-1.04906965811181,-0.195079749020199,"-"
1,1,1,1,1,2,2,2,1,0.68102398252503,-0.629494148993092,-0.216167013078201,-0.493528602678215,-1.04906965811181,-0.134620287031367,"-"
1,1,1,9,1,2,2,2,1,0.430472832289421,-0.102191232445326,0.381469925813749,-0.493528602678215,1.57359285916916,-0.185674943821936,"-"
2,1,1,10,1,2,2,1,1,-0.133267255740698,-0.822336358473418,-0.58969009988567,-0.493528602678215,0.683967247580458,-0.195271683820164,"-"
1,1,1,2,1,2,2,1,1,1.76006426953972,-0.654603811685843,0.456174543175243,-0.493528602678215,-1.04906965811181,-0.128094503832572,"-"
1,1,1,10,1,2,2,2,1,0.402912205763505,2.68498132645001,-0.638995147344255,-0.493528602678215,0.799503041293277,0.486480725653912,"-"
1,1,1,7,1,2,2,2,2,0.270120096138632,-0.955919763998852,-0.664394717247163,-0.493528602678215,-0.90272431940891,-0.195271683820164,"-"
1,2,2,1,1,2,2,2,1,-0.13994861974698,-0.805261787842347,-0.652441978469324,-0.493528602678215,0.337359866442004,-0.195271683820164,"-"
1,1,1,4,3,2,2,2,1,0.402912205763505,0.148905394482182,0.829697629982712,-0.493528602678215,0.164056175872777,-0.0634124762445191,"-"
1,2,2,1,1,2,2,1,1,-0.474016820061125,-0.89766534655167,-0.216167013078201,-0.493528602678215,-0.124783308409268,-0.195271683820164,"-"
2,2,2,1,1,2,2,2,1,-0.571731768653013,-0.470801080774907,-0.664394717247163,-0.493528602678215,-0.355854895834905,-0.195271683820164,"-"
1,1,1,7,1,2,1,2,1,-0.606808929685998,-0.780152125149596,-0.638995147344255,0.329019068452143,0.418234922040977,0.179001176110705,"-"
1,1,1,1,1,2,2,2,1,-0.787205757855636,-0.855481113227849,-0.627042408566416,-0.493528602678215,1.03057462871891,-0.195271683820164,"-"
2,1,1,14,8,2,1,2,1,0.437154196295704,-0.89766534655167,-0.664394717247163,1.56284057514768,0.106288279016368,-0.191816857420802,"-"
2,1,1,5,4,2,1,2,1,-0.697007343770817,-0.58730991566927,-0.664394717247163,-0.287891684895625,0.106288279016368,-0.185099139422043,"-"
2,1,1,7,1,2,1,1,1,-0.314499254411121,-0.353287859372834,0.169308812507107,-0.287891684895625,0.56843145386764,-0.193352335820518,"-"
1,1,1,1,1,2,1,1,1,-0.0221895791362448,-0.336213288741763,0.0826514563677744,-0.0822547671130358,-0.124783308409268,-0.187402357021617,"-"
2,1,1,10,2,2,1,2,1,-0.0773108321880784,-0.679713474378593,-0.652441978469324,0.123382150669554,-1.04906965811181,-0.188937835421334,"-"
1,1,1,6,1,2,2,2,1,-0.77384302984307,-0.486871264898268,-0.440280865162682,-0.493528602678215,-0.00924751469645027,-0.195271683820164,"-"
1,1,1,4,2,2,2,1,1,-1.25406606779465,-0.135335987199757,-0.540385052427084,-0.493528602678215,-0.355854895834905,-0.195271683820164,"-"
2,1,1,6,2,2,2,2,1,-0.787205757855636,1.38731395848865,-0.638995147344255,-0.493528602678215,0.799503041293277,-0.194312009820341,"-"
1,2,2,4,2,2,2,2,1,-0.857360079921606,-0.127300895138077,-0.652441978469324,-0.493528602678215,-0.240319102122086,-0.176078203823709,"-"
1,1,1,4,1,2,2,2,1,-1.16303248320905,0.349782696024188,-0.627042408566416,-0.493528602678215,-0.702462276973359,-0.176078203823709,"-"
1,2,2,4,1,2,2,1,1,-1.01687764557161,-0.152410557830828,-0.365576247801188,-0.493528602678215,1.03057462871891,-0.00333688385561554,"-"
1,1,1,1,1,2,2,2,1,-0.891602070453806,-0.872555683858919,-0.627042408566416,-0.493528602678215,-1.04906965811181,-0.186826552621724,"-"
1,1,1,2,1,2,2,1,1,-0.383818405976306,-0.55416516091484,-0.440280865162682,-0.493528602678215,-0.586926483260541,-0.195271683820164,"-"
1,1,1,4,2,2,2,1,1,-0.648567454725266,-0.788187217211277,-0.638995147344255,-0.493528602678215,0.221824072729186,-0.194312009820341,"-"
1,2,2,4,2,2,2,1,3,0.653463355999113,-0.453726510143837,2.32378997721259,-0.493528602678215,0.106288279016368,-0.195271683820164,"-"
1,1,1,4,1,2,2,2,1,-0.717886606290451,1.35416920373422,-0.540385052427084,-0.493528602678215,-1.04906965811181,-0.195271683820164,"-"
1,2,2,1,1,2,2,2,3,-0.40469766849594,-0.411542276820015,-0.638995147344255,-0.493528602678215,-0.586926483260541,-0.195271683820164,"-"
2,1,1,4,1,2,1,1,1,-1.20479100824832,-0.855481113227849,-0.615089669788577,0.740292904017322,0.337359866442004,-0.188553965821405,"-"
1,2,2,6,1,2,1,1,1,-0.655248818731549,-0.320143104618403,-0.540385052427084,-0.287891684895625,0.56843145386764,-0.179916899823,"-"
2,1,1,13,1,2,1,1,1,-1.17054901771612,0.952414600650206,-0.141462395716707,1.56284057514768,-1.04906965811181,-0.193352335820518,"-"
1,2,2,1,1,2,1,2,1,-0.634369556211915,-0.872555683858919,-0.652441978469324,-0.0822547671130358,-0.309640578349777,-0.194120075020376,"-"
1,1,1,7,1,2,2,2,3,0.2776366306457,-0.738972278333485,-0.316271200342602,-0.493528602678215,-0.887319546913868,-0.195271683820164,"-"
1,2,2,14,8,2,1,2,1,3.63168136179971,2.86074896529926,-0.652441978469324,-0.0822547671130358,-1.04906965811181,-0.127902569032607,"-"
1,2,2,6,1,2,2,2,1,-0.265224194864785,-0.930810101306101,-0.638995147344255,-0.493528602678215,0.198716913986622,0.207791396105388,"-"
1,2,2,13,1,2,2,1,1,-0.571731768653013,1.7227790520638,-0.652441978469324,-0.493528602678215,-0.355854895834905,-0.104102653837003,"-"
1,2,2,14,8,2,2,1,1,-1.04527344259831,-0.24481411654015,-0.664394717247163,-0.493528602678215,-0.00924751469645027,-0.195079749020199,"-"
1,1,1,9,1,2,2,1,1,1.1679283844829,-0.755042462456846,-0.627042408566416,-0.493528602678215,0.470226029211745,-0.195271683820164,"-"
2,1,1,9,2,1,1,2,1,1.32828112063368,-0.805261787842347,0.157356073729268,-0.287891684895625,0.874601307206608,-0.0240658422517868,"+"
1,1,1,9,1,1,1,1,1,-0.599292395178929,-0.780152125149596,0.717640703940471,-0.0822547671130358,1.95486097842146,0.188597916108933,"+"
1,1,1,7,1,1,1,2,1,0.660144720005396,0.952414600650206,1.27792533415167,2.38538824627804,0.337359866442004,0.68897193961651,"+"
2,1,1,1,2,1,2,2,1,-0.905799968967157,1.42146309975079,1.12851609942869,-0.493528602678215,0.915038835006095,-0.195271683820164,"+"
2,2,2,1,2,1,2,2,1,-1.04527344259831,-0.069046477690895,0.232060691090762,-0.493528602678215,0.337359866442004,-0.195271683820164,"+"
1,1,1,10,1,1,2,2,1,-1.01687764557161,0.952414600650206,-0.216167013078201,-0.493528602678215,-0.355854895834905,0.22813648490163,"+"
2,1,1,11,2,1,2,1,1,-0.529973243613744,-0.780152125149596,-0.353623509023349,-0.493528602678215,-0.124783308409268,0.929466243972089,"+"
1,1,1,1,1,1,1,1,1,-0.933360595493074,0.902195275264704,-0.166861965619615,0.123382150669554,-0.817998070686177,-0.189897509421156,"+"
1,1,1,1,1,1,1,1,1,-0.467335456054842,-0.855481113227849,-0.22811975185604,0.534655986234733,0.753288723808149,-0.195271683820164,"+"
1,1,1,1,1,1,1,2,1,-0.91248133297344,0.450221346795191,-0.178814704397454,0.123382150669554,0.106288279016368,0.0717096229305228,"+"
1,1,1,11,1,1,1,1,1,-0.80984815809915,-0.152410557830828,0.829697629982712,0.123382150669554,0.626199350724049,0.242147725299042,"+"
1,1,1,3,1,1,1,1,1,0.639265457485762,0.0484667437111785,0.381469925813749,1.56284057514768,-1.04906965811181,-0.195271683820164,"+"
2,1,1,14,8,1,1,2,1,2.73387307345545,-0.922775009244421,-0.664394717247163,-0.287891684895625,0.291145548956877,-0.176078203823709,"+"
1,1,1,11,1,1,1,2,1,-0.258542830858502,0.0735764064039292,0.754993012621218,-0.0822547671130358,1.37718200985737,-0.193928140220412,"+"
2,1,1,1,1,1,1,1,1,-0.216784305819234,-0.202629883216329,-0.34017667789828,-0.287891684895625,1.09411931526096,-0.195271683820164,"+"
1,1,1,1,1,1,1,2,1,-0.00131031661661075,2.96118761607027,1.42733456887466,2.79666208184322,-1.04906965811181,0.764402316002577,"+"
2,1,1,13,1,1,1,2,1,-1.03775690809124,0.851975949879203,-0.440280865162682,-0.0822547671130358,-0.540712165775414,-0.0818382170411158,"+"
2,1,1,9,2,1,1,2,1,-0.550852506133378,-0.353287859372834,-0.116062825813799,3.41357283519099,-1.04906965811181,-0.0993042838378897,"+"
2,1,1,1,1,1,1,2,1,-0.0564315696684443,1.45460785450522,-0.0667577783552132,-0.287891684895625,0.221824072729186,-0.191624922620837,"+"
1,2,2,10,1,1,1,1,1,-0.864041443927889,0.00628251038735725,0.00794683900628061,-0.287891684895625,-0.586926483260541,-0.137691243830799,"+"
1,2,2,10,1,1,1,1,1,-1.46954005699728,-0.152410557830828,-0.141462395716707,-0.0822547671130358,-0.355854895834905,-0.00333688385561554,"+"
2,1,1,5,4,1,2,2,1,1.22388480803551,-0.152410557830828,-0.664394717247163,-0.493528602678215,-0.471390689547723,-0.0110142758541975,"+"
2,1,1,1,1,1,2,2,1,1.08441133440436,-0.955919763998852,0.0826514563677744,-0.493528602678215,-1.04906965811181,-0.195271683820164,"+"
1,1,1,12,7,1,2,2,1,-0.926679231486791,1.04481815935953,-0.664394717247163,-0.493528602678215,-1.04906965811181,-0.195271683820164,"+"
1,2,2,1,2,1,2,2,1,-0.724567970296733,-0.445691418082156,0.108051026270682,-0.493528602678215,-1.04906965811181,-0.195271683820164,"+"
1,1,1,11,1,1,2,2,1,-1.28329703532214,1.15329190219221,1.27792533415167,-0.493528602678215,-1.04906965811181,-0.195271683820164,"+"
2,1,1,13,1,1,1,2,1,2.46995919520727,0.0484667437111785,0.530879160536737,0.329019068452143,-1.04906965811181,-0.176270138623673,"+"
1,1,1,1,1,1,1,1,1,-1.27494533031429,-0.805261787842347,-0.141462395716707,0.534655986234733,0.984360311233786,-0.0628366718446255,"+"
2,1,1,9,1,1,1,2,1,-0.265224194864785,-0.880590775920599,-0.489585912621268,0.329019068452143,-0.586926483260541,-0.195271683820164,"+"
1,1,1,11,1,1,1,1,1,0.653463355999113,-0.612419578362021,-0.627042408566416,0.534655986234733,1.72378939099582,-0.195271683820164,"+"
1,1,1,6,1,1,1,2,1,-0.91248133297344,0.550659997566194,-0.216167013078201,-0.287891684895625,-0.124783308409268,-0.150358940628459,"+"
2,1,1,12,7,1,1,1,1,-0.112387993221064,0.10672116115836,0.00794683900628061,0.534655986234733,-0.477167479233364,-0.0993042838378897,"+"
1,1,1,7,1,1,1,2,1,-0.711205242284168,-0.353287859372834,-0.278918891661855,-0.287891684895625,0.452895660154822,-0.0417238438485252,"+"
2,1,1,9,1,1,1,2,1,-0.738765868810085,0.7515372991082,-0.141462395716707,1.56284057514768,-0.586926483260541,-0.00525623185526103,"-"
2,1,1,9,1,1,2,1,1,-0.230982204332585,-0.621459056931412,0.0572518864648665,-0.493528602678215,1.49271780357019,-0.195271683820164,"-"
1,1,1,1,1,1,2,1,1,1.15456565647033,-0.654603811685843,0.0826514563677744,-0.493528602678215,-0.240319102122086,-0.195271683820164,"-"
1,1,1,6,1,1,2,2,1,0.854739446688385,-0.604384486300341,-0.601642838663509,-0.493528602678215,-0.124783308409268,-0.195271683820164,"-"
2,1,1,4,3,1,2,1,1,2.1492537229057,-0.88862586798228,-0.365576247801188,-0.493528602678215,0.406681342669695,0.226409071701949,"-"
2,1,1,6,2,1,1,1,1,2.03817604630124,0.466291530918551,1.35262995151317,0.123382150669554,-0.471390689547723,-0.185674943821936,"-"
1,1,1,9,2,1,1,2,1,0.99421292031954,4.10819700787512,-0.601642838663509,-0.287891684895625,3.34129050297527,-0.177997551823354,"-"
2,1,1,1,2,1,2,1,1,-0.502412617087828,-0.537090590283769,0.157356073729268,-0.493528602678215,1.03057462871891,-0.195079749020199,"-"
2,1,1,13,2,1,2,2,1,-0.56505040464673,-0.821331971965708,-0.141462395716707,-0.493528602678215,1.26164621614455,-0.195271683820164,"-"
1,1,1,4,3,1,2,2,1,0.987531556313258,-0.503945835529338,-0.440280865162682,-0.493528602678215,2.18593256584709,-0.195271683820164,"-"
1,1,1,14,8,1,2,2,1,0.799618193636551,-0.788187217211277,-0.664394717247163,-0.493528602678215,-0.298086998978496,-0.195079749020199,"-"
1,1,1,13,1,1,2,1,1,0.0404482084226573,-0.453726510143837,1.57674380359765,-0.493528602678215,1.97219134747838,-0.195271683820164,"-"
2,2,2,14,8,1,2,2,1,0.214998843086798,-0.637529241054772,-0.664394717247163,-0.493528602678215,0.799503041293277,-0.195271683820164,"-"
2,1,1,14,8,1,2,2,1,-0.536654607620027,-0.704823137071344,-0.664394717247163,-0.493528602678215,-0.586926483260541,-0.195271683820164,"-"
1,1,1,11,2,1,2,1,1,0.326076519691251,-0.320143104618403,0.456174543175243,-0.493528602678215,2.879147328124,-0.195271683820164,"-"
1,1,1,10,3,1,2,1,1,0.242559469612715,-0.604384486300341,-0.58969009988567,-0.493528602678215,-0.107452939352346,-0.195271683820164,"-"
1,1,1,14,1,1,2,2,1,4.08434377322538,0.148905394482182,-0.503032743746337,-0.493528602678215,-1.04906965811181,-0.130013851832217,"-"
1,2,2,3,1,1,2,1,1,-0.995998383051976,-0.654603811685843,-0.0667577783552132,-0.493528602678215,-0.471390689547723,-0.191432987820873,"-"
1,1,1,4,3,1,2,2,1,0.952454395280272,-0.353287859372834,-0.365576247801188,-0.493528602678215,-1.04906965811181,-0.156884723827254,"-"
1,2,2,6,2,1,2,1,1,-0.975119120532342,1.05285325142121,-0.414881295259774,-0.493528602678215,-0.240319102122086,-0.195271683820164,"-"
1,1,1,10,1,1,2,1,1,0.41627493377607,-0.194594791154649,-0.316271200342602,-0.493528602678215,0.106288279016368,-0.195271683820164,"-"
1,2,2,4,3,1,1,1,1,-0.105706629214781,-0.747007370395165,-0.514985482524176,1.56284057514768,-0.286533419607214,-0.189897509421156,"-"
1,2,2,2,1,1,2,2,3,1.07772997039808,1.25373055296321,-0.216167013078201,-0.493528602678215,-1.04906965811181,-0.195271683820164,"-"
1,2,2,10,1,1,1,1,1,-0.648567454725266,-0.863516205289529,0.120003765048521,0.740292904017322,0.152502596501495,-0.128670308232466,"-"
1,1,1,2,2,1,1,2,1,-0.620171657698563,-0.654603811685843,-0.10411008703596,0.740292904017322,0.106288279016368,-0.132509004231756,"+"
1,1,1,11,1,1,1,1,1,0.152361055527896,-0.755042462456846,-0.440280865162682,0.945929821799912,0.915038835006095,0.586094886835512,"+"
1,1,1,7,1,1,2,2,3,1.4184795347185,1.45460785450522,4.11670079388844,-0.493528602678215,-0.413622792691314,-0.195271683820164,"+"
1,1,1,12,6,1,1,1,1,3.7920340979505,3.52163528737246,3.14554076818902,-0.287891684895625,-1.04906965811181,-0.174350790624028,"+"
1,1,1,4,3,1,1,2,1,1.66903068495411,1.05285325142121,-0.664394717247163,1.76847749293027,-1.04906965811181,0.044454881335557,"+"
1,1,1,8,5,1,1,1,1,0.284317994651983,2.05723975913124,0.941754556024953,1.35720365736509,-1.04906965811181,-0.169552420624914,"+"
1,1,1,10,1,1,1,2,1,0.604188296452776,-0.285993963356262,0.530879160536737,2.38538824627804,1.16344079148865,0.062688687332189,"+"
2,2,2,11,2,1,1,2,1,-0.745447232816368,1.30394987834872,-0.440280865162682,0.329019068452143,-1.04906965811181,-0.133660613031544,"+"
1,1,1,1,2,1,1,2,1,0.883135243715087,-0.871551297351209,-0.601642838663509,0.740292904017322,0.221824072729186,-0.0133174934537721,"+"
1,1,1,10,1,1,1,1,1,-0.147465154254049,-0.0519719070598245,1.57674380359765,-0.0822547671130358,0.857270938149686,-0.195271683820164,"+"
2,1,1,10,1,1,1,2,1,0.0688440054493599,-0.662638903747523,-0.34017667789828,2.79666208184322,-0.355854895834905,0.203760765306132,"+"
1,1,1,11,2,1,2,2,1,1.67654721946118,-0.947884671937171,-0.652441978469324,-0.493528602678215,-1.04906965811181,0.380532716073481,"+"
2,1,1,9,2,1,1,1,1,-0.711205242284168,-0.495910743467658,0.0198995777841196,0.945929821799912,-0.240319102122086,0.262300879295319,"+"
2,1,1,3,2,1,1,2,1,-0.529973243613744,1.52089736401408,0.381469925813749,0.740292904017322,1.26164621614455,-0.107365545436401,"+"
1,1,1,11,2,1,2,2,1,-0.383818405976306,-0.729932799764095,-0.290871630439694,-0.493528602678215,-1.04906965811181,0.821598886392013,"+"
1,1,1,1,2,1,2,2,1,-0.6694467172449,-0.654603811685843,-0.241566582981109,-0.493528602678215,1.38873558922865,-0.156884723827254,"+"
1,1,1,9,2,1,2,1,1,-0.578413132659295,1.52190175052179,-0.190767443175293,-0.493528602678215,-0.355854895834905,-0.195271683820164,"+"
1,1,1,9,2,1,2,1,1,0.904014506234721,0.0565018357728587,3.14554076818902,-0.493528602678215,-0.51760500703285,-0.195271683820164,"+"
2,1,1,13,1,1,2,2,1,-0.87823934244124,-0.353287859372834,-0.652441978469324,-0.493528602678215,-0.471390689547723,-0.195271683820164,"+"
1,1,1,10,2,1,1,1,1,-0.690325979764534,1.35416920373422,-0.0294054696744663,1.76847749293027,0.626199350724049,-0.140762200630232,"+"
2,1,1,11,2,1,2,2,1,-0.515775345100393,-0.378397522065584,-0.402928556481935,-0.493528602678215,1.03057462871891,-0.195271683820164,"+"
1,2,2,1,1,1,1,1,1,0.980015021806189,-0.880590775920599,-0.552337791204923,1.1515667395825,0.683967247580458,-0.164178246225907,"+"
2,1,1,13,1,1,1,2,1,0.367835044730519,-0.772117033087916,-0.440280865162682,0.329019068452143,-1.04906965811181,0.108561104523716,"+"
1,1,1,10,1,1,1,1,1,2.35136498409575,-0.403507184758335,-0.141462395716707,0.534655986234733,-0.702462276973359,-0.18413946542222,"+"
1,2,2,2,1,1,1,1,1,-0.864041443927889,-0.353287859372834,-0.34017667789828,1.1515667395825,-0.124783308409268,-0.195079749020199,"+"
1,2,2,11,1,1,1,1,1,-0.787205757855636,-0.847446021166168,-0.652441978469324,-0.287891684895625,3.80343367782655,-0.183947530622255,"+"
2,1,1,14,8,1,1,1,1,2.82490665804105,1.85636245758923,-0.664394717247163,1.76847749293027,-1.04906965811181,0.0734370361302037,"+"
2,1,1,1,2,1,1,2,1,-0.919997867480508,1.05285325142121,-0.365576247801188,0.329019068452143,-0.760230173829768,0.0859127981278994,"+"
1,2,2,1,2,1,1,1,1,0.0755253694556427,-0.922775009244421,0.306765308452256,-0.287891684895625,1.44650348608506,1.34020671589622,"+"
1,1,1,1,1,1,1,2,1,-0.0981900947077124,-0.855481113227849,-0.141462395716707,1.76847749293027,-0.864212388171304,-0.0916268918393077,"+"
1,1,1,1,1,1,1,2,1,-0.515775345100393,0.249344045253185,-0.365576247801188,0.123382150669554,-1.04906965811181,-0.195271683820164,"+"
1,1,1,1,1,1,1,2,1,0.653463355999113,-0.629494148993092,-0.216167013078201,1.56284057514768,0.0254132234173952,0.706821876013213,"+"
1,1,1,7,1,1,1,1,1,0.645946821492044,0.249344045253185,-0.278918891661855,0.534655986234733,-0.425176372062595,0.0152807917409456,"+"
1,1,1,11,1,1,1,1,1,0.0270854804100918,-0.789191603718987,-0.265472060536787,1.1515667395825,0.701297616637381,0.4361938080632,"+"
1,1,1,12,1,2,1,2,3,0.806299557642834,-0.947884671937171,-0.652441978469324,-0.287891684895625,2.18593256584709,-0.195271683820164,"+"
1,1,1,7,1,1,2,1,1,1.43267743323186,-0.102191232445326,-0.627042408566416,-0.493528602678215,0.25070802115739,-0.195271683820164,"+"
1,2,2,10,2,1,2,1,1,0.110602530488628,0.851975949879203,0.904402247344206,-0.493528602678215,-0.159444046523114,-0.195271683820164,"+"
2,2,2,12,6,1,2,2,1,-0.272740729371853,2.05723975913124,-0.664394717247163,-0.493528602678215,-1.04906965811181,2.34057089331145,"+"
1,1,1,14,8,1,2,1,1,3.51392232118898,2.60965233837176,-0.664394717247163,-0.493528602678215,-1.04906965811181,-0.195271683820164,"+"
1,1,1,11,2,1,1,1,1,2.73387307345545,3.06162626684127,4.5649284980574,1.35720365736509,-1.04906965811181,-0.00333688385561554,"+"
1,1,1,1,1,1,1,2,1,1.68990994747375,2.05723975913124,1.87556227304362,1.35720365736509,-1.04906965811181,-0.195271683820164,"+"
1,2,2,1,1,1,1,1,1,-0.390499769982589,-0.604384486300341,-0.365576247801188,0.534655986234733,-0.124783308409268,0.913535655575031,"+"
1,1,1,1,1,1,1,1,1,-0.502412617087828,-0.839410929104488,-0.57773736110783,0.945929821799912,-0.494497848290286,0.788202231198181,"+"
1,1,1,3,1,1,1,2,1,-0.0981900947077124,0.349782696024188,0.269412999771509,1.1515667395825,0.857270938149686,0.0350500761372941,"+"
1,1,1,1,2,1,1,1,1,-0.362939143456672,-0.805261787842347,0.605583777898231,0.123382150669554,0.753288723808149,-0.166481463825482,"+"
1,1,1,1,1,2,2,2,2,-0.682809445257465,-0.955919763998852,-0.664394717247163,-0.493528602678215,-0.92069655398646,-0.195271683820164,"+"
1,1,1,10,1,2,2,1,1,0.235878105606432,0.09868606909668,-0.638995147344255,-0.493528602678215,0.626199350724049,-0.194120075020376,"+"
1,1,1,6,1,1,2,1,1,0.611704830959845,-0.91373553067503,-0.638995147344255,-0.493528602678215,0.56843145386764,-0.195271683820164,"+"
1,1,1,1,3,1,2,2,1,-0.467335456054842,-0.805261787842347,-0.58969009988567,-0.493528602678215,0.967029942176863,-0.190857183420979,"+"
2,1,1,1,1,1,1,1,1,1.2305661720418,-0.353287859372834,0.0452991476870275,1.1515667395825,1.23853905740199,0.602985149232392,"+"
2,1,1,13,1,1,1,2,1,-0.822282918888621,0.249344045253185,0.0826514563677744,0.123382150669554,-0.586926483260541,-0.0190755374527085,"+"
1,1,1,9,1,2,1,2,1,-0.940877130000142,-0.930810101306101,-0.365576247801188,-0.287891684895625,0.337359866442004,-0.0478657574473907,"+"
1,1,1,1,1,1,1,1,1,-0.905799968967157,-0.470801080774907,-0.0667577783552132,1.76847749293027,0.106288279016368,0.380532716073481,"+"
2,1,1,6,1,1,1,2,1,-0.154146518260332,-0.863516205289529,-0.503032743746337,0.329019068452143,1.14611042243173,-0.0993042838378897,"+"
1,2,2,1,1,2,2,1,1,0.910695870241004,-0.604384486300341,-0.664394717247163,-0.493528602678215,-0.182551205265677,-0.195079749020199,"-"
1,2,2,6,1,2,2,2,1,-0.126585891734415,-0.704823137071344,-0.58969009988567,-0.493528602678215,0.24493123147175,-0.195271683820164,"-"
1,1,1,9,1,2,2,2,1,-0.940877130000142,-0.90570043861335,-0.627042408566416,-0.493528602678215,0.106288279016368,-0.195271683820164,"-"
1,1,1,1,2,1,2,2,1,-0.661930182737831,-0.838406542596778,-0.638995147344255,-0.493528602678215,-0.00924751469645027,-0.195271683820164,"-"
2,2,2,6,1,2,2,1,1,-0.147465154254049,-0.604384486300341,-0.290871630439694,-0.493528602678215,0.56843145386764,-0.195271683820164,"-"
1,1,1,1,1,2,2,2,1,-1.26742879580722,-0.947884671937171,-0.652441978469324,-0.493528602678215,-1.04906965811181,-0.195271683820164,"+"
1,1,1,6,1,2,2,1,1,0.0822067334619254,-0.252849208601831,-0.514985482524176,-0.493528602678215,0.291145548956877,-0.195271683820164,"-"
1,2,2,2,1,2,2,1,1,-1.19263463762577,-0.947884671937171,0.605583777898231,-0.493528602678215,1.608253597283,-0.195271683820164,"-"
1,1,1,11,3,2,2,1,1,1.37672100967924,-0.119265803076397,-0.638995147344255,-0.493528602678215,1.95486097842146,-0.195271683820164,"-"
1,2,2,6,1,2,2,2,1,-0.947558494006425,-0.704823137071344,-0.627042408566416,-0.493528602678215,-0.240319102122086,-0.194503944620306,"-"
1,2,2,9,2,2,1,1,1,-0.314499254411121,-0.303068533987332,0.85509719988562,-0.0822547671130358,1.08256573588968,-0.195079749020199,"-"
1,1,1,10,1,2,1,2,1,-0.780524393849353,-0.797226695780667,-0.57773736110783,-0.287891684895625,1.37718200985737,-0.140954135430197,"-"
1,1,1,1,3,2,1,1,1,-1.00351491755904,1.23665598233214,-0.489585912621268,-0.0822547671130358,0.106288279016368,-0.193928140220412,"-"
2,1,1,1,1,2,2,2,1,0.583309033933142,-0.069046477690895,-0.627042408566416,-0.493528602678215,-0.124783308409268,-0.195271683820164,"-"
1,1,1,1,2,2,1,1,1,-0.160827882266615,-0.704823137071344,-0.58969009988567,-0.0822547671130358,1.26164621614455,-0.174542725423993,"-"
1,1,1,4,1,2,1,1,1,-0.724567970296733,-0.805261787842347,-0.190767443175293,-0.287891684895625,1.26164621614455,-0.193544270620483,"-"
1,2,2,14,8,2,1,2,1,0.0755253694556427,1.85636245758923,-0.664394717247163,-0.0822547671130358,-0.124783308409268,-0.195079749020199,"-"
1,1,1,7,1,2,1,1,1,-0.147465154254049,-0.001752581674323,-0.0667577783552132,-0.287891684895625,1.608253597283,-0.182220117422574,"-"
1,2,2,13,1,1,2,2,1,-1.07951543313051,1.13621733156114,-0.627042408566416,-0.493528602678215,-0.355854895834905,-0.123296133833458,"-"
1,1,1,4,1,2,2,2,1,-0.766326495336002,-0.503945835529338,-0.627042408566416,-0.493528602678215,-0.124783308409268,-0.193352335820518,"-"
1,1,1,1,4,2,2,1,3,-0.724567970296733,-0.922775009244421,0.00794683900628061,-0.493528602678215,-1.04906965811181,-0.195271683820164,"+"
2,2,2,1,8,2,2,2,2,-0.481533354568194,-0.955919763998852,-0.664394717247163,-0.493528602678215,-0.780769870489825,-0.195271683820164,"+"
1,1,1,9,1,2,2,2,1,-1.04527344259831,-0.955919763998852,-0.46568043506559,-0.493528602678215,-0.124783308409268,-0.195079749020199,"-"
1,2,2,3,1,2,2,2,1,-0.815601554882338,-0.797226695780667,-0.46568043506559,-0.493528602678215,-0.124783308409268,-0.195271683820164,"-"
1,1,1,1,1,2,2,2,3,-0.634369556211915,1.45460785450522,-0.0413582084523053,-0.493528602678215,-0.586926483260541,-0.195271683820164,"-"
1,2,2,4,3,2,2,1,1,-0.780524393849353,0.617953893582766,-0.615089669788577,-0.493528602678215,-0.502200234537807,-0.195271683820164,"-"
1,1,1,14,8,2,2,2,1,0.395395671256436,-0.445691418082156,-0.664394717247163,-0.493528602678215,-1.04906965811181,-0.00333688385561554,"-"
1,1,1,2,2,2,2,2,1,-0.175025780779966,1.65548515604723,-0.514985482524176,-0.493528602678215,0.268038390214313,-0.195271683820164,"-"
2,1,1,10,1,2,2,2,1,-0.982635655039411,-0.822336358473418,-0.166861965619615,-0.493528602678215,0.221824072729186,-0.194312009820341,"-"
2,1,1,9,1,2,2,1,1,-0.703688707777099,-0.704823137071344,-0.58969009988567,-0.493528602678215,-0.355854895834905,-0.0399964306488443,"-"
2,1,1,7,2,2,1,1,1,-0.342059880937038,-0.89766534655167,-0.627042408566416,-0.287891684895625,0.522217136382513,-0.174542725423993,"-"
2,1,1,14,8,2,2,2,1,0.618386194966128,-0.654603811685843,-0.664394717247163,-0.493528602678215,-0.610033642003104,-0.195271683820164,"-"
1,2,2,6,8,2,2,2,1,0.0897232679689939,-0.521020406160409,-0.664394717247163,-0.493528602678215,-0.355854895834905,-0.195271683820164,"-"
2,1,1,10,1,2,1,1,1,-0.634369556211915,-0.813296879904027,-0.58969009988567,-0.287891684895625,0.337359866442004,-0.194503944620306,"-"
1,1,1,1,5,2,1,1,1,-1.10039469565015,-0.461761602205517,-0.377528986579027,-0.0822547671130358,-0.124783308409268,-0.082605956240974,"-"
1,2,2,7,1,2,2,1,1,0.799618193636551,-0.855481113227849,-0.514985482524176,-0.493528602678215,-0.298086998978496,-0.195271683820164,"-"
1,1,1,13,1,2,2,2,1,-0.989317019045693,0.969489171281276,-0.428328126384843,-0.493528602678215,-0.586926483260541,-0.128094503832572,"-"
1,1,1,13,1,2,2,1,1,-0.230982204332585,-0.22773954590908,-0.58969009988567,-0.493528602678215,-0.471390689547723,-0.195271683820164,"-"
1,1,1,6,1,2,2,1,1,0.353637146217168,-0.805261787842347,-0.216167013078201,-0.493528602678215,0.285368759271236,-0.195271683820164,"-"
1,1,1,4,3,2,2,1,1,0.235878105606432,-0.403507184758335,0.0826514563677744,-0.493528602678215,0.291145548956877,-0.156884723827254,"-"
1,2,2,3,1,2,2,1,1,0.152361055527896,-0.503945835529338,0.381469925813749,-0.493528602678215,0.106288279016368,-0.168208877025162,"-"
1,2,2,13,1,2,2,1,1,0.0195689459030233,-0.805261787842347,0.381469925813749,-0.493528602678215,0.799503041293277,-0.195271683820164,"-"
2,1,1,13,2,2,2,2,1,1.766745633546,0.450221346795191,0.232060691090762,-0.493528602678215,-1.04906965811181,-0.195271683820164,"-"
1,2,2,10,1,2,2,1,1,0.402912205763505,-0.871551297351209,-0.57773736110783,-0.493528602678215,0.735958354751227,-0.194887814220235,"-"
1,1,1,3,1,2,2,1,1,0.499791983854606,-0.420581755389406,-0.615089669788577,-0.493528602678215,-1.04906965811181,-0.0991123490379251,"-"
2,1,1,1,1,2,2,2,1,-0.87823934244124,0.7515372991082,-0.615089669788577,-0.493528602678215,-1.04906965811181,-0.127902569032607,"-"
1,1,1,13,1,2,2,1,1,-0.606808929685998,0.851975949879203,-0.58969009988567,-0.493528602678215,-1.04906965811181,-0.195271683820164,"-"
1,1,1,6,2,2,2,1,1,-0.481533354568194,-0.88862586798228,0.381469925813749,-0.493528602678215,0.915038835006095,-0.195271683820164,"-"
2,1,1,14,8,2,1,2,1,0.319395155684968,-0.202629883216329,-0.664394717247163,0.740292904017322,-1.04906965811181,-0.156884723827254,"-"
1,1,1,4,3,2,2,2,1,1.39760027219887,-0.202629883216329,-0.365576247801188,-0.493528602678215,-0.471390689547723,-0.194887814220235,"-"
2,1,1,9,1,2,1,1,1,-1.29582459283392,0.575769660258944,-0.627042408566416,-0.287891684895625,-1.04906965811181,-0.164562115825836,"-"
2,1,1,4,1,2,2,1,3,-0.738765868810085,-0.872555683858919,-0.564290529982762,-0.493528602678215,-0.217211943379523,-0.195271683820164,"-"
1,1,1,4,1,1,2,1,1,-0.822282918888621,1.35416920373422,-0.514985482524176,-0.493528602678215,-0.471390689547723,-0.182220117422574,"-"
2,1,1,9,1,2,1,1,1,-0.648567454725266,-0.789191603718987,-0.540385052427084,-0.287891684895625,0.106288279016368,-0.193160401020554,"-"
2,2,2,14,8,2,2,2,1,-0.857360079921606,0.0484667437111785,-0.664394717247163,-0.493528602678215,-1.04906965811181,-0.195271683820164,"-"
1,1,1,1,2,2,1,1,1,-0.474016820061125,-0.303068533987332,0.0198995777841196,-0.287891684895625,1.3540748511148,-0.191241053020908,"-"
2,1,1,13,1,2,2,2,1,0.632584093479479,-0.621459056931412,-0.58969009988567,-0.493528602678215,-1.04906965811181,-0.12041711183399,"-"
2,1,1,1,1,2,2,2,1,-1.3025059568402,-0.880590775920599,-0.365576247801188,-0.493528602678215,-0.355854895834905,-0.191816857420802,"-"
2,1,1,1,1,2,1,1,1,-0.230982204332585,-0.202629883216329,-0.58969009988567,-0.287891684895625,-0.817998070686177,-0.165713724625623,"-"
1,1,1,13,1,2,2,2,1,-0.759645131329719,0.851975949879203,-0.638995147344255,-0.493528602678215,-1.04906965811181,-0.195271683820164,"-"
1,1,1,1,1,2,2,2,1,-0.126585891734415,-0.252849208601831,-0.615089669788577,-0.493528602678215,0.198716913986622,-0.195271683820164,"-"
2,1,1,10,1,2,2,1,1,-0.655248818731549,-0.654603811685843,-0.402928556481935,-0.493528602678215,-0.124783308409268,-0.195271683820164,"-"
1,2,2,3,1,2,2,1,1,0.0613274709422914,-0.152410557830828,-0.216167013078201,-0.493528602678215,-0.355854895834905,-0.195271683820164,"-"
1,2,2,10,1,2,2,2,3,-0.0221895791362448,-0.654603811685843,-0.652441978469324,-0.493528602678215,-0.124783308409268,-0.195271683820164,"-"
1,2,2,7,1,2,2,2,1,0.0404482084226573,-0.947884671937171,-0.652441978469324,-0.493528602678215,-1.04906965811181,-0.195271683820164,"-"
2,1,1,1,1,2,2,1,1,-0.801403656368987,1.40438852911972,-0.58969009988567,-0.493528602678215,-0.00924751469645027,-0.195271683820164,"-"
2,1,1,1,1,2,1,1,1,-1.12127395816978,-0.847446021166168,-0.141462395716707,-0.287891684895625,-0.586926483260541,-0.194312009820341,"-"
1,1,1,2,2,2,2,1,3,-0.0848273666951469,-0.855481113227849,-0.638995147344255,-0.493528602678215,0.406681342669695,-0.195271683820164,"-"
1,2,2,14,8,2,2,2,1,1.71078920999338,-0.546130068853159,-0.216167013078201,-0.493528602678215,-0.355854895834905,-0.195079749020199,"-"
1,1,1,10,1,2,2,2,1,1.3215997566274,0.216199290498754,0.9791068647057,-0.493528602678215,1.63713754571121,-0.166481463825482,"-"
1,1,1,3,1,2,2,2,1,-0.46065409204856,1.6223404012928,-0.514985482524176,-0.493528602678215,-1.04906965811181,-0.194887814220235,"-"
2,1,1,13,1,2,2,1,1,1.57883227086929,-0.788187217211277,-0.514985482524176,-0.493528602678215,0.337359866442004,-0.172815312224312,"-"
1,2,2,12,2,2,2,2,1,-0.154146518260332,-0.55416516091484,-0.0667577783552132,-0.493528602678215,0.429788501412259,-0.192008792220766,"-"
2,1,1,4,2,2,2,2,1,0.499791983854606,-0.453726510143837,-0.601642838663509,-0.493528602678215,0.452895660154822,-0.148055723028885,"-"
2,1,1,13,1,2,2,2,1,0.854739446688385,-0.747007370395165,-0.46568043506559,-0.493528602678215,0.337359866442004,-0.149783136228566,"-"
2,1,1,9,2,2,1,1,1,-0.0639481041755129,1.18643665694664,-0.638995147344255,1.97411441071286,-0.303863788664136,-0.19469587942027,"-"
1,1,1,7,1,2,1,2,1,-0.995998383051976,0.500440672180692,-0.652441978469324,-0.287891684895625,-0.471390689547723,-0.195079749020199,"-"
2,1,1,14,8,2,2,2,1,-1.12127395816978,1.09503748474503,-0.664394717247163,-0.493528602678215,-1.04906965811181,-0.185674943821936,"-"
2,1,1,1,1,2,2,2,1,-0.940877130000142,-0.704823137071344,-0.664394717247163,-0.493528602678215,-1.04906965811181,-0.195271683820164,"-"
1,1,1,6,1,2,2,2,1,-0.989317019045693,-0.89766534655167,-0.57773736110783,-0.493528602678215,0.56843145386764,-0.125407416633068,"-"
1,2,2,2,2,2,2,2,1,-0.293619991891487,-0.755042462456846,0.232060691090762,-0.493528602678215,-0.0323546734390139,-0.0922026962392014,"-"
1,1,1,4,1,2,2,1,1,-1.19142828023575,-0.295033441925652,-0.564290529982762,-0.493528602678215,-0.240319102122086,-0.194887814220235,"-"
1,2,2,2,1,2,2,2,1,0.423791468283139,-0.805261787842347,-0.489585912621268,-0.493528602678215,0.337359866442004,-0.19469587942027,"-"
1,1,1,7,1,2,2,1,3,0.771222396609849,-0.295033441925652,0.381469925813749,-0.493528602678215,1.26164621614455,-0.195271683820164,"-"
1,2,2,12,2,2,2,2,1,-0.857360079921606,1.06992782205228,-0.290871630439694,-0.493528602678215,0.452895660154822,-0.195271683820164,"-"
2,1,1,1,1,2,1,1,1,-0.724567970296733,-0.805261787842347,-0.0667577783552132,-0.0822547671130358,0.106288279016368,-0.119649372634132,"-"
2,2,2,14,8,2,1,1,1,-0.50909398109411,1.75592380681823,-0.0667577783552132,-0.287891684895625,0.106288279016368,-0.195079749020199,"-"
1,1,1,13,1,2,2,2,1,-1.12127395816978,-0.91473991718274,-0.652441978469324,-0.493528602678215,0.56843145386764,-0.0513205838467526,"-"
1,1,1,1,2,2,2,1,1,0.305197257171617,-0.277958871294581,1.81281039445997,-0.493528602678215,-1.04906965811181,-0.195271683820164,"-"
